,,,,,,0101,0102,0103,0104,0105,0201,0202,0203,0204,0301,0302,0303,0401,0402,0501,0502,0503,0601,0602,0701,0702,0703,0704,0705,0706,0707,,,,,,,,,,,,,,,,,,,,,,,,,,
DATOS DE LA ACCIÓN,,,,,,Conocimiento científico abierto,,,,,"Participación abierta de los agentes sociales 
",,,,Diálogos abiertos con otros sistemas de conocimiento,,,Infraestructuras de la ciencia abierta,,DIMENSIONES NO UNESCO,,,Cuerpos Normativos,,OBJETIVOS UNESCO,,,,,,,,,,,,,,,,,,,,,,,,,,,,,,,,
CODIGO,Nombre de la iniciativa,Función de la iniciativa,WEB,CONTACTO,SUBDISCIPLINES,Producción científica,Datos abiertos de investigación,Recursos Educativos Abiertos,Programas informáticos de código abierto y código fuente abierto,Equipos informáticos de código abierto,Ciencia Ciudadana,Financiación Colectiva,Producción Colectiva,Voluntariado Científico,Pueblos Indígenas,Investigadores Marginados,Comunidades Locales,Virtuales,Fisicas,Evaluación abierta de la Ciencia,Innovación Abierta,Investigación abierta y reproducible,Nacionales,Institucionales,A,B,C,D,E,F,G,,,,,,,,,,,,,,,,,,,,,,,,,,
AR,Sistema Nacional de Repositorios Digitales (SNRD),"El Sistema Nacional de Repositorios Digitales (SNRD) es una iniciativa del Ministerio de Ciencia, Tecnología e Innovación conjuntamente con el Consejo Interinstitucional de Ciencia y Tecnología (CICyT) a través de sus representantes en el Consejo Asesor de la Biblioteca Electrónica de Ciencia y Tecnología.

El SNRD es una red interoperable de repositorios digitales en ciencia y tecnología, a partir del establecimiento de políticas, estándares y protocolos comunes a todos los integrantes del Sistema.","https://repositoriosdigitales.mincyt.gob.ar/
Otros portales, que gestiona el SNRD: 
https://dacytar.mincyt.gob.ar/
https://pesoc.jefatura.gob.ar/
https://pesoc.jefatura.gob.ar/",repositorios@mincyt.gob.ar,"0101,0102,0503,0601,0701,0702,0703,0704,0705,0707",X,X,,,,,,,,,,,,,,,X,X,,X,X,X,X,X,,X,0101,0102,,,,,,,,,,,,,,,0503,0601,,0701,0702,0703,0704,0705,,0707
AR,"Ley Nº 26.899 ""Repositorios digitales institucionales de acceso abierto"" - Sancionada en 2013 y reglamentada mediante Resolución 753 - E/2016 en el 2016","Ley nacional que exige la difusión de la producción científico-tecnológica (publicaciones y datos primarios de investigación) generada como consecuencia del financiamiento total o parcial por parte del Estado Nacional debe ser difundida a través de los repositorios digitales institucionales. El Ministerio de Ciencia, Tecnología e Innovación es la autoridad de aplicación de la Ley.","https://www.boletinoficial.gob.ar/detalleAviso/primera/98996/20131209
https://www.boletinoficial.gob.ar/detalleAviso/primera/154125/20161116",repositorios@mincyt.gob.ar,"0101,0102,0503,0601,0701,0702,0703,0704,0705",X,X,,,,,,,,,,,,,,,X,X,,X,X,X,X,X,,,0101,0102,,,,,,,,,,,,,,,0503,0601,,0701,0702,0703,0704,0705,,
AR,Programa Nacional de Ciencia Ciudadana (PNCC),"Contribuir a la promoción de la Ciencia Ciudadana en todo el territorio nacional, impulsando el desarrollo y el fortalecimiento de sus iniciativas y ampliando su visibilización y valoración de acuerdo con principios de buenas prácticas.",https://www.argentina.gob.ar/ciencia/sact/ciencia-ciudadana,ciencia.abierta@mincyt.gob.ar,"0201,0601,0701,0704,0705,0706",,,,,,X,,,,,,,,,,,,X,,X,,,X,X,X,,,,,,,0201,,,,,,,,,,,,0601,,0701,,,0704,0705,0706,
AR,Comité Asesor en Ciencia Abierta y Ciudadana,El comité tiene como objetivo asesorar en la elaboración de políticas públicas y planificación de acciones relacionadas con la ciencia abierta y ciudadana.,https://www.argentina.gob.ar/ciencia/comite-ciencia-abierta,comite.cac@mincyt.gob.ar,"0601,0701,0705",,,,,,,,,,,,,,,,,,X,,X,,,,X,,,,,,,,,,,,,,,,,,,,0601,,0701,,,,0705,,
AR,Programa Diamante: programa para el fortalecimiento de las publicaciones científicas argentinas de acceso abierto,"Apoyar la edición y sostenibilidad de las revistas científicas argentinas de acceso abierto diamante que integran el Núcleo Básico de Revistas Científicas del CAICYT-CONICET, contribuyendo a la generación de nuevas capacidades y a la actualización tecnológica y profesional de los equipos editoriales que las gestionan.",https://programadiamante.mincyt.gob.ar/bases,programadiamante@mincyt.gob.ar,"0101,0601,0701,0703,0704,0705",X,,,,,,,,,,,,,,,,,X,,X,,X,X,X,,,0101,,,,,,,,,,,,,,,,,0601,,0701,,0703,0704,0705,,
AR,Sistemas Nacionales,"Trabajamos para alcanzar una utilización eficiente de los grandes equipamientos, una mejor organización y acceso a los datos y publicaciones científicas de las instituciones de ciencia y tecnología de todo el país.",https://www.argentina.gob.ar/ciencia/sistemasnacionales,ssnn@mincyt.gob.ar,"0402,0601,0701,0703,0704,0705",,,,,,,,,,,,,,X,,,,X,,X,,X,X,X,,,,,,,,,,,,,,,,0402,,,,0601,,0701,,0703,0704,0705,,
AR,LA Referencia ,"País socio de LA Referencia, ha generado iniciativas nacionales en el tema de Repositorios y Acceso Abierto, entre los que se destacan: el Sistema Nacional de Repositorios Digitales en Ciencia y Tecnología y la Ley para el Acceso Abierto. Es signatario de los principales acuerdos de LA Referencia.",https://www.lareferencia.info/es/nodos/argentina,repositorios@mincyt.gob.ar,,,,,,,,,,,,,,,,,,,,,,,,,,,,,,,,,,,,,,,,,,,,,,,,,,,,,
BR,Directorio de Revistas Científicas,Busca impulsar mejoras en la calidad mediante una comisión de CA que define los indicadores necesarios.,https://www.redalyc.org/pais.oa?id=21,redalyc@redalyc.org,"0101,0702,0704",x,,,,,,,,,,,,,,,,,,,,x,,x,,,,0101,,,,,,,,,,,,,,,,,,,,0702,,0704,,,
BR,Proyecto BrCRIS,"Un agregador de datos CRIS nacional. Es un desarrollo conjunto entre el IBICT y LA Referencia, basado en la plataforma de agregación LA Referencia. Se ha creado una plataforma con un modelo flexible que luego puede ser adoptado por cualquier país de la red. (Perú y Panamá ya están avanzando en sus propios proyectos nacionales).",https://brcris.ibict.br,https://brcris.ibict.br/contact,"0104,0702",,,,x,,,,,,,,,,,,,,,,,x,,,,,,,,,0104,,,,,,,,,,,,,,,,,0702,,,,,
BR,Conformación del nodo RDA,"Tiene como objetivo “Establecer mecanismos de gobernanza de datos científicos para avanzar en la Ciencia Abierta en Brasil”. También, destacar la instrumentalidad de la RDA y las herramientas digitales que ofrece para la implementación y sostenibilidad de la red interinstitucional de Ciencia Abierta.",https://www.rd-alliance.org/groups/rda-brazil,https://www.rd-alliance.org/contact,"0102,0701,0702",,x,,,,,,,,,,,,,,,,,,x,x,,,,,,,0102,,,,,,,,,,,,,,,,,,0701,0702,,,,,
BR,Red Brasileña de Repositorios Digitales,"Portal que reúne la producción cienítifica de Brasil, mediante el almacenamiento ordenado de los recursos digitales, para que puedan ser consultados.",https://www.arca.fiocruz.br/handle/icict/54766,https://www.arca.fiocruz.br/handle/icict/page/faleconosco,"0104,0702",,,,x,,,,,,,,,,,,,,,,,x,,,,,,,,,0104,,,,,,,,,,,,,,,,,0702,,,,,
BR,Repositorio de Datos IBICT,"Bases de datos en línea que reúnen de manera organizada la producción científica de una institución o área temática; almacenan archivos de diferentes formatos. Además, redundan en una serie de beneficios tanto para los investigadores como para las instituciones o sociedades científicas, proporcionando una mayor visibilidad a los resultados de la investigación y permitiendo la preservación de la memoria científica de su institución.",https://dados.ibict.br/es/,,"0104,0702",,,,x,,,,,,,,,,,,,,,,,x,,,,,,,,,0104,,,,,,,,,,,,,,,,,0702,,,,,
BR,Rede Carianiana,Red de servicios de preservación digital de datos de investigación.,https://cariniana.ibict.br/, cariniana@ibict.br,"0104,0706",,,,x,,,,,,,,,,,,,,,,,,,,,x,,,,,0104,,,,,,,,,,,,,,,,,,,,,0706,
BR,"Biblioteca Electrónica en Línea Cientíca, SciELO",Plataforma de servicios que permite la publicación de revistas y editoriales en acceso abierto y que funciona como un agregador de metadatos y textos completos de revistas de alta calidad. ,https://www.scielo.br/,scielo@scielo.org,"0104,0701,0704",,,,x,,,,,,,,,,,,,,,,x,,,x,,,,,,,0104,,,,,,,,,,,,,,,,0701,,,0704,,,
BR,Plataforma Digital Lattes,"Integra bases de currículos, grupos de investigación e instituciones de financiación, universidades e institutos de investigación. ",https://www.lattes.cnpq.br/,atendimento@cnpq.br,"0104,0704",,,,x,,,,,,,,,,,,,,,,,,,x,,,,,,,0104,,,,,,,,,,,,,,,,,,,0704,,,
BR,Repositorio Nacional ALICIA (Acceso Libre a la Información Científica),Es el agregado nacional de Perú que centraliza toda la información digital resultado de la producción en CTI generada con fondos públicos o financiadas por el Estado,https://alicia.concytec.gob.pe/,alicia@concytec.gob.pe,"0104,0705",,,,x,,,,,,,,,,,,,,,,,,,,x,,,,,,0104,,,,,,,,,,,,,,,,,,,,0705,,
BR,Repositorio Institucional de Concytec,Repositorio creado para albergar y permitir el libre acceso a la producción científica institucional del Concytec.,https://repositorio.concytec.gob.pe/,repositorio@concytec.gob.pe,"0104,0701",,,,x,,,,,,,,,,,,,,,,x,,,,,,,,,,0104,,,,,,,,,,,,,,,,0701,,,,,,
BR,Iniciativa para Gobierno Abierto (Compromiso de Open Government Partnership),Dentro de sus compromisos se incluyó el tema de la Ciencia Abierta con propuestas de nuevas formas de evaluación,https://www.opengovpartnership.org/es/,info@opengovpartnership.org,"0501,0703",,,,,,,,,,,,,,,x,,,,,,,x,,,,,,,,,,,,,,,,,,,0501,,,,,,,0703,,,,
BR,Convocatorioas de evaluación del Sistema Nacional de Postgrado de la Coodenacao de Aperfeicoamento de Pessoal de Nivel Superior (Capes),Gestiona convocatorias regulares de evaluación,https://www.gov.br/capes/pt-br,faleconosco@capes.gov.br,"0501,0703",,,,,,,,,,,,,,,x,,,,,,,x,,,,,,,,,,,,,,,,,,,0501,,,,,,,0703,,,,
BR,"Ministério da Ciência, Tecnologia e Inovações","Es responsable de diseñar las políticas nacionales de CTI y de coordinar políticas sectoriales de determinados ámbitos. También es responsable de la planificación, coordinación, supervisión y control de las actividades de CTI, y de su coordinación con los gobiernos de los estados, del distrito federal y de los municipios, con la sociedad y con otros órganos del gobierno federal.",https://www.gov.br/mcti/pt-br,https://falabr.cgu.gov.br/publico/Manifestacao/SelecionarTipoManifestacao,"0502,0701",,,,,,,,,,,,,,,,x,,,,x,,,,,,,,,,,,,,,,,,,,,,0502,,,,0701,,,,,,
BR,"Conselho Nacional de Secretários Estaduais para Assuntos de Ciência, Tecnologia e Inovação (Consecti)",Reúne a todas las Secretarías de Estado de CTI del país para coordinar sus actuaciones,https://www.consecti.org.br/,falecom@consecti.org.br,"0502,0701",,,,,,,,,,,,,,,,x,,,,x,,,,,,,,,,,,,,,,,,,,,,0502,,,,0701,,,,,,
BR,"Estratégia Nacional de Ciência, Tecnologia e Inovação",Se publica cada cuatro años. Actualmente está vigente la correspondiente al periodo 2016-2022. Este documento recoge las directrices sobre las que se asienta la política nacional de CTI,https://bibliotecadigital.economia.gov.br/handle/123456789/990,biblioteca@economia.gov.br,"0502,0701,0705",,,,,,,,,,,,,,,,x,,,,x,,,,x,,,,,,,,,,,,,,,,,,0502,,,,0701,,,,0705,,
BR,Miguilim,"El Directorio de revistas científicas electrónicas brasileñas (Miguilim) es una iniciativa del Instituto Brasileño de Información en Ciencia y Tecnología (Ibict) creada con el objetivo de agregar, en un solo lugar, informaciones sobre revistas científicas editadas y publicadas en Brasil que fueron encontradas dispersos en diferentes plataformas.",https://miguilim.ibict.br/static/pages/miguilim.jsp,miguilim@ibict.br,"0101,0702,0704",x,,,,,,,,,,,,,,,,,,,,x,,x,,,,0101,,,,,,,,,,,,,,,,,,,,0702,,0704,,,
BR,Diadorim,Directorio de políticas editoriales de revistas científicas brasileñas. En este los editores informan que conceden permisos para el acceso y uso de los artículos publicados. Colabora a los administradores de bases de datos para saber qué pueden o no almacenar sin tener problemas con los derechos de autores.,https://diadorim.ibict.br/,https://diadorim.ibict.br/,"0104,0702",,,,x,,,,,,,,,,,,,,,,,x,,,,,,,,,0104,,,,,,,,,,,,,,,,,0702,,,,,
BR,Manuelzao,,https://manuelzao.ufmg.br/,manuelzao@manuelzao.ufmg.br,,,,,,,,,,,,,,,,,,,,,,,,,,,,,,,,,,,,,,,,,,,,,,,,,,,,,
BR,LA Referencia ,"País socio de LA Referencia, ha generado iniciativas nacionales en el tema de Repositorios y Acceso Abierto. Es signatario de los principales acuerdos de LA Referencia.",https://www.lareferencia.info/es/nodos/brasil,oasisbr@ibict.br,"0101,0401,0701,0703,0705",x,,,,,,,,,,,,x,,,,,,,x,,x,,x,,,0101,,,,,,,,,,,,0401,,,,,,,0701,,0703,,0705,,
 CO,"Ministerio de Ciencia, Tecnología e Innovación"," es el organismo del Gobierno Nacional de Colombia para la gestión de la administración pública, rector del sector y del Sistema Nacional de Ciencia, Tecnología e Innovación",https://minciencias.gov.co/,atencionalciudadano@minciencias.gov.co,"0601,0702",,,,,,,,,,,,,,,,,,x,,,x,,,,,,,,,,,,,,,,,,,,,,,0601,,,0702,,,,,
 CO,Red Colombiana de Información Científica,"Potenciar el acceso, la visibilidad, circulación y gestión de la información científica nacional a partir de la formulación de políticas y coordinación de la implementación de componentes de Ciencia Abierta.",https://redcol.minciencias.gov.co/,redcol@minciencias.gov.co,"0101,0102,0401,0503,0601,0702,0703,0707",x,x,,,,,,,,,,,x,,,,x,x,,,x,x,,,,x,0101,0102,,,,,,,,,,,0401,,,,0503,0601,,,0702,0703,,,,0707
 CO,Encuentro Red Colombiana de Información Científica,"Dar a conocer las acciones, avances y proyectos enmarcados en el acceso a la información científica con el fin de promover la implementación de la Ciencia Abierta como una forma de posibilitar la innovación, democratización y mundialización del conocimiento para su uso y apropiación en beneficio de la sociedad y la ciencia.",https://encuentrosredcol.minciencias.gov.co/,redcol@minciencias.gov.co,"0101,0102,0401,0503,0601,0704",x,x,,,,,,,,,,,x,,,,x,x,,,,,x,,,,0101,0102,,,,,,,,,,,0401,,,,0503,0601,,,,,0704,,,
 CO,"Directrices para repositorios institucionales de investigación del Ministerio de Ciencia, Tecnología e Innovación","Consolidar una oferta de la producción científica del país para lograr dar visibilidad y acceso a la información científica nacional, facilitando la inclusión en redes internacionales a través de la estandarización e interoperabilidad de los diferentes repositorios de las instituciones miembros",https://redcol.readthedocs.io/es/latest/,redcol@minciencias.gov.co,"0101,0104,0401,0503,0601,0702",x,,,x,,,,,,,,,x,,,,x,x,,,x,,,,,,0101,,,0104,,,,,,,,,0401,,,,0503,0601,,,0702,,,,,
 CO,"Directrices de Metadatos para Repositorios de Datos de Investigación del Ministerio de Ciencia, Tecnología e Innovación","Consolidar una red de colaboración e intercambio de todos los datos de investigación que se encuentren publicados en los repositorios de datos de investigación nacionales, que a su vez, permitan implementar una infraestructura de productos y servicios derivados y desarrollados en el marco de la Ciencia Abierta.",https://datacite-redcol.readthedocs.io/en/master/,redcol@minciencias.gov.co,"0102,0401,0503,0601,0702",,x,,,,,,,,,,,x,,,,x,x,,,x,,,,,,,0102,,,,,,,,,,,0401,,,,0503,0601,,,0702,,,,,
 CO,Repositorio de Datos de Investigación de Minciencias el Software libre Dataverse ,Infraestructura basada en Softaware libre Dataverse para gestionar los datos de investigación financiados con recursos publicos  ,https://redcol-dataverse.metadatos.org/,redcol@minciencias.gov.co,"0102,0401,0503,0601,0703",,x,,,,,,,,,,,x,,,,x,x,,,,x,,,,,,0102,,,,,,,,,,,0401,,,,0503,0601,,,,0703,,,,
 CO,Política Nacional de Ciencia Abierta 2022-2031,"Se proponen componentes fundamentales el Conocimiento científico abierto, Infraestructuras abiertas, Apropiación Social de la Ciencia, Tecnología e Innovación y la Comunicación abierta que deben estar acompañados de estrategias de formación, propiedad intelectual, incentivos, métricas alternativas y evaluación abierta con un cambio cultural centrado en la apertura del proceso científico, apoyado en principios y valores tales como apertura, participación, diálogo de saberes y conocimientos, universalidad, integralidad, colaboración y transparencia.","https://minciencias.gov.co/sala_de_prensa/politica-nacional-ciencia-abierta-2022-2031-una-realidad-en-colombia#:~:text=El%20ministro%20de%20Ciencia%2C%20Tecnolog%C3%ADa,de%20innovaci%C3%B3n%20en%20el%20pa%C3%ADs.          https://minciencias.gov.co/pdf/pdfreader?url=https://minciencias.gov.co/sites/default/files/politica_nacional_de_ciencia_abierta_-2022_-_version_aprobada.pdf",redcol@minciencias.gov.co,"0101,0102,0103,0104,0105,0201,0202,0203,0301,0302,0303,0401,0501,0502,0503,0601,0701,0702",x,x,x,x,x,x,x,x,,x,x,x,x,,x,x,x,x,,x,x,,,,,,0101,0102,0103,0104,0105,0201,0202,0203,,0301,0302,0303,0401,,0501,0502,0503,0601,,0701,0702,,,,,
 CO,Repositorio de productos de investigación de Minciencias,"Dispone de una gran colección digital colombiana especializada en ciencia tecnología e innovación, el cual reúne, conserva, difunde y facilita el acceso a los documentos institucionales de políticas, programas, proyectos, indicadores, bases de datos, producción editorial, literatura gris (no publicada convencionalmente), textos digitales, multimedia, ilustraciones y recursos audiovisuales sobre ciencia, tecnología e innovación del país.",https://repositorio.minciencias.gov.co/,cendoc@minciencias.gov.co,"0101,0401,0503,0601,0703",x,,,,,,,,,,,,x,,,,x,x,,,,x,,,,,0101,,,,,,,,,,,,0401,,,,0503,0601,,,,0703,,,,
 CO,Portal de documentos y guías Red Colombiana de Información Cientítica,Repositorio de documentos definidos para la estrategia de la Red Colombiana de Información Cientifica,https://red-documentacion.minciencias.gov.co/,redcol@minciencias.gov.co,"0103,0401,0601,0704",,,x,,,,,,,,,,x,,,,,x,,,,,x,,,,,,0103,,,,,,,,,,0401,,,,,0601,,,,,0704,,,
 CO,ScienTI,"Plataforma fuentes de información y conocimiento para la gestión en ciencia, tecnología e innovación que incluye CVLAC, GrupLAC e Institulac a se utiliza para acceder a ayudas públicas y servicios de acreditación y evaluación",https://minciencias.gov.co/scienti,atencionalciudadano@minciencias.gov.co,"0401,0501,0601,0703",,,,,,,,,,,,,x,,x,,,x,,,,x,,,,,,,,,,,,,,,,,0401,,0501,,,0601,,,,0703,,,,
 CO,Publindex,Sistema para la evaluación y clasificación de revistas científicas nacionales,https://minciencias.gov.co/content/publindex,atencionalciudadano@minciencias.gov.co,"0501,0703",,,,,,,,,,,,,,,x,,,,,,,x,,,,,,,,,,,,,,,,,,,0501,,,,,,,0703,,,,
 CO,Comité Consultivo Nacional,"Conformado por el Minciencias, la Organización Panamericana de la Salud-Representación Colombia y la Universidad Nacional de Colombia, entre otros.",https://www.bvscolombia.org/ccn/,bvscolombia@fucsalud.edu.co,"0501,0601,0701,0704",,,,,,,,,,,,,,,x,,,x,,x,,,x,,,,,,,,,,,,,,,,,,0501,,,0601,,0701,,,0704,,,
 CO,Lineamientos para fomentar la cultura de gestión y apertura de las publicaciones científica,"establecer la hoja de ruta, para una adecuada gestión de las publicaciones
científicas en entornos digitales, así como su apertura e integración en el marco de la Política Nacional de Ciencia
Abierta 2022 - 2031",https://www.minciencias.gov.co/sites/default/files/upload/noticias/lineamientos_para_fomentar_la_cultura_de_gestion_y_apertura_de_las_publicaciones_cientificas_.pdf,redcol@minciencias.gov.co,"0101,0503,0601,0702",x,,,,,,,,,,,,,,,,x,x,,,x,,,,,,0101,,,,,,,,,,,,,,,,0503,0601,,,0702,,,,,
 CO,Lineamientos para fomentar la cultura de gestión de apertura de Datos de Investigación,"fomentar e impulsar una cultura de gestión y apertura de Datos de Investigación; con base en condiciones normativas y funcionales para la investigación de la ciencia colombiana, de manera que los datos generen integridad y cumplan con estándares internacionales de ser encontrables, accesibles, interoperables, usables y reproductibles.",https://minciencias.gov.co/sites/default/files/upload/noticias/lineamientos_para_fomentar_la_cultura_de_gestion_y_apertura_de_datos_de_investigacion.pdf,redcol@minciencias.gov.co,"0102,0503,0601,0702",,x,,,,,,,,,,,,,,,x,x,,,x,,,,,,,0102,,,,,,,,,,,,,,,0503,0601,,,0702,,,,,
 CO,Lineamientos para Fomentar una Cultura de Preservación Digital del Patrimonio del Conocimiento Científico Colombiano,"Establecer los lineamientos para fomentar la Preservación Digital del Patrimonio del Conocimiento Científico Colombiano, con el propósito de potenciar el acceso, la visibilidad, la gestión y apropiación a largo plazo de la información científica nacional; siguiendo las Directrices mencionadas por la UNESCO (2008), sobre la preservación de patrimonio digital.",en proceso,redcol@minciencias.gov.co,"0101,0102,0601,0702",x,x,,,,,,,,,,,,,,,,x,,,x,,,,,,0101,0102,,,,,,,,,,,,,,,,0601,,,0702,,,,,
 CO,Política Pública Integral de Conocimientos Ancestrales y Tradicionales (en proceso),"Generar capacidades y condiciones para garantizar el reconocimiento,
salvaguarda, protección y apropiación social de los sistemas vivos de
conocimiento ancestral y tradicional de las comunidades INARPRCL* de
Colombia.",en proceso,atencionalciudadano@minciencias.gov.co,"0203,0301,0302,0303,0601,0701,0702",,,,,,,,x,,x,x,x,,,,,,x,,x,x,,,,,,,,,,,,,0203,,0301,0302,0303,,,,,,0601,,0701,0702,,,,,
 CO,"Política Pública de Apropiación Social del
Conocimiento en el marco de la CTeI"," Promover la Apropiación Social del Conocimiento como un mecanismo que permita posicionar la gestión, generación y uso de la CTeI como un tema de interés para la sociedad colombiana; una herramienta para posibilitar la transformación, el bienestar y el desarrollo de los territorios desde
el respeto, el reconocimiento de la diversidad y la equidad.",https://minciencias.gov.co/sites/default/files/politica_publica_de_apropiacion_social_del_conocimiento.pdf,abonilla@minciencias.gov.co ,"0201,0203,0601,0701,0702",,,,,,x,,x,,,,,,,,,,x,,x,x,,,,,,,,,,,0201,,0203,,,,,,,,,,0601,,0701,0702,,,,,
 CO,Datos Abiertos en Colombia,"Los datos abiertos son información pública dispuesta en formatos que permiten su uso y reutilización bajo licencia abierta y sin restricciones legales para su aprovechamiento. En Colombia, la Ley 1712 de 2014 de la Ley de Transparencia y del Derecho de Acceso a la Información Pública Nacional.",https://www.datos.gov.co/,minticresponde@mintic.gov.co,"0102,0601,0702,0703",,x,,,,,,,,,,,,,,,,x,,,x,x,,,,,,0102,,,,,,,,,,,,,,,,0601,,,0702,0703,,,,
 CO,LA Referencia ,"País socio del Proyecto LA Referencia, ha generado iniciativas nacionales en el tema de Repositorios y Acceso Abierto. Es signatario de los principales acuerdos de LA Referencia.",https://www.lareferencia.info/es/nodos/colombia,redcol@minciencias.gov.co  y atencionalciudadano@minciencias.gov.co,"0101,0401,0701,0703,0705",x,,,,,,,,,,,,x,,,,,,,x,,x,,x,,,0101,,,,,,,,,,,,0401,,,,,,,0701,,0703,,0705,,
 CO,Todo es Ciencia,"Iniciativas de conformación de comunicación científica, apoyadas en plataformas para socializar el conocimiento",https://divulgacion.minciencias.gov.co/,atencionalciudadano@minciencias.gov.co,"0203,0401,0601,0706",,,,,,,,x,,,,,x,,,,,x,,,,,,,x,,,,,,,,,0203,,,,,0401,,,,,0601,,,,,,,0706,
 CO," Política de ética, bioética e integridad científica para Colombia","Contar con lineamientos mínimos que orienten a todos los actores del Sistema Nacional de Ciencia, Tecnología e Innovación (SNCTeI) para generar, transferir y aplicar conocimiento pertinente para el país",https://minciencias.gov.co/sites/default/files/upload/noticias/politica-etica.pdf,atencionalciudadano@minciencias.gov.co,,,,,,,,,,,,,,,,,,x,x,,,x,,,,,,,,,,,,,,,,,,,,,,,,,,,,,,,
CR,Evaluación de Revistas Científicas,"Es una herramienta para la medición de la calidad de las revistas Costarricenses por medio de indicadores organizados en categorías. Su propósito es Medir la calidad de las revistas en aspectos de rigurosidad, sistematicidad, originalidad y posibilidad de comprobación del contenido de los artículos, considerando para ello la gestión editorial, la visibilidad y el contenido.",https://conocimientoabierto.conare.ac.cr/index.php/evaluacion-de-revistas/ ,conocimientoabierto@conare.ac.cr,"0101,0501,0706",x,,,,,,,,,,,,,,x,,,,,,,,,,x,,0101,,,,,,,,,,,,,,0501,,,,,,,,,,0706,
CR,RDA Costa Rica Node,"El propósito del Grupo Costa Rica es el de ser un puente entre la comunidad de RDA y aquellas personas que forman parte de universidades, instituciones, grupos de trabajo o de algún proyecto que busquen generar, vincular, compartir y reutilizar datos de investigación desde la práctica de datos abiertos,en Costa Rica y en la región. Además, por su contexto geográfico y político, Costa Rica puede servir de puente entre países del Caribe, Norte, Sur y Centroamérica, para mejorar la comunicación, facilitar el intercambio de recursos y capacidades técnicas.",https://www.rd-alliance.org/groups/rda-costa-rica,conocimientoabierto@conare.ac.cr,"0102,0401,0503,0701,0702,0703,0705",,x,,,,,,,,,,,x,,,,x,,,x,x,x,,x,,,,0102,,,,,,,,,,,0401,,,,0503,,,0701,0702,0703,,0705,,
CR,Evaluación de Repositorios,Es un instrumento para autoevaluar los repositorios que integran Kímuk.,https://conocimientoabierto.conare.ac.cr/index.php/evaluacion-de-repositorios/,conocimientoabierto@conare.ac.cr,"0101,0102,0103,0401,0701,0702,0705",x,x,x,,,,,,,,,,x,,,,,,,x,x,,,x,,,0101,0102,0103,,,,,,,,,,0401,,,,,,,0701,0702,,,0705,,
CR,Procesos de capacitación en Ciencia Abierta,"En temas como: gestión editorial, ciencia abierta, gestión de datos de investigación, revisión por pares abierta, escritura científica, uso de licencias de acceso abierto, sistemas CRIS, entre otros.
",https://conocimientoabierto.conare.ac.cr/index.php/evaluacion-de-revistas/ ,conocimientoabierto@conare.ac.cr,"0101,0102,0103,0104,0105,0201,0202,0203,0204,0301,0302,0303,0401,0402,0501,0502,0503,0703",x,x,x,x,x,x,x,x,x,x,x,x,x,x,x,x,x,,,,,x,,,,,0101,0102,0103,0104,0105,0201,0202,0203,0204,0301,0302,0303,0401,0402,0501,0502,0503,,,,,0703,,,,
CR,Estado de la gestión de datos de investigación,"Es un estado que permite analizar las prácticas y percepciones de las personas investigadoras, sobre gestión de datos de investigación en cada universidad perteneciente a CONARE.",https://conocimientoabierto.conare.ac.cr/,conocimientoabierto@conare.ac.cr,"0102,0401,0705",,x,,,,,,,,,,,x,,,,,,,,,,,x,,,,0102,,,,,,,,,,,0401,,,,,,,,,,,0705,,
CR,LATINDEX Costa Rica,"El Directorio Latindex es una lista de la totalidad de las revistas de cada uno de los países miembros del sistema. Todas las revistas tienen derecho a ser incluidas; el único requisito es que la revista tenga ISSN. El Catálogo Latindex contiene las revistas que han cumplido con los requisitos de calificación, y por ende se consideran revistas con procesos reconocidos de gestión editorial y de contenidos.",https://ucrindex.ucr.ac.cr/sistema-de-evaluacion-de-revistas/evaluacion-latindex-para-revistas-en-costa-rica/,revistas@ucr.ac.cr,"0101,0701,0702,0705",x,,,,,,,,,,,,,,,,,,,x,x,,,x,,,0101,,,,,,,,,,,,,,,,,,,0701,0702,,,0705,,
CR,SciELO Costa Rica,"Es un índice enfocado en orientar y fortalecer el desarrollo de la calidad científica de la Colección SciELO, y contribuir al aumento sostenible de su visibilidad e impacto como un todo e individualmente de las revistas que indexa y publica, de acuerdo con los estándares internacionales de indexación, publicación, interoperabilidad y evaluación del rendimiento de las revistas de calidad.",https://www.scielo.sa.cr/scielo.php,mmorales@.binasss.sa.cr,"0101,0104,0702",x,,,x,,,,,,,,,,,,,,,,,x,,,,,,0101,,,0104,,,,,,,,,,,,,,,,,0702,,,,,
CR,"Kímuk, Repositorio Nacional de Costa Rica","El repositorio Nacional Kímuk es una herramienta de acceso abierto impulsada por el Consejo Nacional de Rectores (CONARE) cuyo objetivo es ofrecer acceso en línea a la producción académica y científica nacional como un insumo crucial para el desarrollo científico y tecnológico del país y por ello su visibilidad y acceso debe ser prioritaria. A su acervo se pueden sumar otros repositorios institucionales que cumplan las normas establecidas y por ello invitamos a otras organizaciones a unirse a esta misión. El vocablo Kímuk significa cooperación en lengua Bribri, uno de los grupos indígenas de Costa Rica. El nombre resume una forma de entender la vida y refleja, como otros conceptos de esta cultura, la importancia del trabajo en equipo y la colaboración para lograr metas comunes.",https://kimuk.conare.ac.cr/,kimuk@conare.ac.cr,"0101,0102,0103,0104,0105,0201,0301,0401,0702",x,x,x,x,x,x,,,,x,,,x,,,,,,,,x,,,,,,0101,0102,0103,0104,0105,0201,,,,0301,,,0401,,,,,,,,0702,,,,,
CR,"Sistema de Información Nacional de Ciencia y Tecnología
",El CONARE y el SINCYT tienen herramientas para evaluar el rendimiento individual e institucional y recoger datos relevantes del sistema CTI de manera centralizada.,https://www.sincyt.go.cr/,maria.brenes@micit.go.cr ,"0202,0701,0704",,,,,,,x,,,,,,,,,,,,,x,,,x,,,,,,,,,,0202,,,,,,,,,,,,,0701,,,0704,,,
CR,Declaración de Ciencia Abierta de las universidades públicas.,"Es un documento donde las 5 universidades públicas de Costa Rica, que son las que generan más del 80% de la investigación de Costa Rica, abrazan en conjunto los pilares que la recomendación de la UNESCO sobre Ciencia Abierta promueve para implementar la Ciencia Abierta en Costa Rica.",https://conocimientoabierto.conare.ac.cr/,conocimientoabierto@conare.ac.cr,"0501,0701,0704",,,,,,,,,,,,,,,x,,,,,x,,,x,,,,,,,,,,,,,,,,,,0501,,,,,0701,,,0704,,,
CR,LA Referencia ,,https://www.lareferencia.info/es/nodos/costa-rica,kimuk@conare.ac.cr,,,,,,,,,,,,,,,,,,,,,,,,,,,,,,,,,,,,,,,,,,,,,,,,,,,,,
 CL,SciELO Chile,"SciELO Chile fue una de las primeras opciones de ANID en materia de comunicación cientifica, instalando el concepto de Acceso Abierto en el país desde 1998. Es una plataforma en línea que indiza revistas científicas chilenas digitales de alta calidad en diversas disciplinas. Este servicio es un estándar nacional de calidad para este tipo de publicaciones, ya que su metodología contribuye a mejorar los  procesos editoriales.
De esta manera, SciELO Chile se constituye como un patrimonio científico-cultural de conocimiento en acceso abierto que permite su transferencia directa a investigadores e investigadoras, estudiantes y el público en general.
SciELO Chile es una de las plataformas integrantes de la Infraestructura Nacional de Acceso (INA), y tiene una vinculación directa con la Política de Acceso Abierto a la Información Científica y a Datos de Investigación, puesto que esta normativa indica que aquellos/as autores/as que publiquen en SciELO Chile quedan exentos del mandato de depósito.",https://scielo.cl/,scielo@anid.cl,"0101,0103,0401,0601,0602,0701,0702,0703,0704,0705,0707",X,,X,,,,,,,,,,X,,,,,X,X,X,X,X,X,X,,X,0101,,0103,,,,,,,,,,0401,,,,,0601,0602,0701,0702,0703,0704,0705,,0707
 CL,Interoperabilidad de Repositorios Institucionales,Es un documento que entrega lineamientos generales en materia de uso de metadatos para la descripción de los objetos digitales albergados en los repositorios institucionales de las universidades firmantes del Memorándum de Entendimiento que dió origen a la Red de Apoyo de la Infraestructura Nacional de Acceso (INA). Se constituye como el primer paso en la constitución del Nodo Nacional de Acceso. ,https://acceso-abierto.anid.cl/wp-content/uploads/sites/4/2024/02/Metadatos_para_la_Interoperabilidad_de_los_Repositorios_2024.pdf,cienciaabierta@anid.cl,"0101,0102,0103,0104,0401,0502,0601,0602,0701,0702,0703,0704,0705,0706,0707",X,X,X,X,,,,,,,,,X,,,X,,X,X,X,X,X,X,X,X,X,0101,0102,0103,0104,,,,,,,,,0401,,,0502,,0601,0602,0701,0702,0703,0704,0705,0706,0707
 CL,Dataciencia,"Es una plataforma de acceso abierto de ANID disponible desde 2016. Este sistema de visualización de datos representa, en múltiples dimensiones, la producción científica chilena indizada en bases de datos internacionales como Web of Science, Scopus y SciELO Chile desde el año 2008 a la fecha. Su función es visualizar y facilitar indicadores de producción científica nacional de manera gratuita, a escala nacional, regional, disciplinar y por género.
Dataciencia es una plataforma integrante de la Infraestructura Nacional de Acceso (INA).",https://dataciencia.anid.cl,productividad@anid.cl,"0101,0401,0502,0601,0602,0702,0703,0705,0706,0707",X,,,,,,,,,,,,X,,,X,,X,X,,X,X,,X,X,X,0101,,,,,,,,,,,,0401,,,0502,,0601,0602,,0702,0703,,0705,0706,0707
 CL,Gestión y entrega de identificadores persistentes (DOI/ISSN),"Los Identificadores de Objeto Digital (DOI) y los Números Internacionales Normalizados de Publicaciones Seriadas (ISSN) son sistemas diseñados para proporcionar identificación única y estandarizada a documentos digitales y publicaciones seriadas, respectivamente. 
A través de la administración e implementación de estos sistemas, ANID permite que el conocimiento producido en Chile sean ubicables en bases de datos y catálogos bibliográficos, facilitando su descubrimiento y utilización por parte de investigadores y la ciudadanía en general.  Esta medida es crucial para garantizar la visibilidad, accesibilidad y credibilidad de nuestras publicaciones, favoreciendo su descubrimiento e impacto potencial en escenarios locales y globales.",https://revistascientificas.informacioncientifica.cl/,scielo@anid.cl,"0401,0601,0602,0701,0703,0705,0707",,,,,,,,,,,,,X,,,,,X,X,X,,X,,X,,X,,,,,,,,,,,,,0401,,,,,0601,0602,0701,,0703,,0705,,0707
 CL, LA Referencia,"Ha generado iniciativas nacionales para fomentar el uso de repositorios abiertos, junto con impulsar prácticas de acceso abierto y ciencia abierta en el territorio, a través de instrumentos financiados por la ANID y por la implementación de la Política de Acceso Abierto a la Información Científica y a Datos de Investigación. También es signatario de los principales acuerdos de LA Referencia.",https://www.lareferencia.info/es/nodos/chile,inforepo@anid.cl,"0101,0102,0103,0104,0203,0401,0502,0602,0701,0702,0703,0704,0705,0707",X,X,X,X,,,,X,,,,,X,,,X,,,x,X,X,X,X,X,,X,0101,0102,0103,0104,,,,0203,,,,,0401,,,0502,,,0602,0701,0702,0703,0704,0705,,0707
 CL,Acciones de Formación y Capacitación,"Como parte de la implementación de la Política de Acceso a la Información Científica y a Datos de Investigación (PAA) se ponen a disposición de la comunidad nacional de CTCi recursos de formación y capacitaciones que contribuyen a impulsar las iniciativas de acceso y ciencia abierta. Estas acciones han sido, entre otras:
1.	Diseño y creación de sitio web accesoabierto.anid.cl para exponer los recursos y actividades promovidas desde ANID Ciencia Abierta.
2.	Realización de dos seminarios internacionales (Open Knowledge 2021 y 2022) con speakers de diversos países que orientaron el diálogo y la discusión en torno a prácticas de ciencia abierta y acceso abierto al conocimiento, sumando nuevas perspectivas y tendencias a nivel global.
3.	Vínculo directo con las comunidades a nivel nacional por medio de los Encuentros Macrozonales 2023; espacios de diálogo y cooperación para promover nuevas formas de robustecer la comunicación científica, la disponibilidad del conocimiento y la edición de revistas académicas en las cinco macrozonas de Chile.
4.	Diseño y difusión de diversos manuales y videos orientados a facilitar el trabajo de usuarias y usuarios de las plataformas integrantes de la Infraestructura Nacional de Acceso (INA).
5.	Sección Preguntas Frecuentes y Glosario en sitio accesoabierto.anid.cl.
6.    Acompañamiento para completar el Plan de Gestión de Datos ANID.",https://acceso-abierto.anid.cl/recursos/,cienciaabierta@anid.cl,"0101,0102,0103,0203,0401,0502,0601,0701,0702,0703,0704,0705,0706",X,X,X,,,,,X,,,,,X,,,X,,X,,X,X,X,X,X,X,,0101,0102,0103,,,,,0203,,,,,0401,,,0502,,0601,,0701,0702,0703,0704,0705,0706,
 CL,Infraestructura Nacional de Acceso a la Investigación (INA),"La INA se concibe como un sistema público nacional de acceso a la información científica. Cuenta con mecanismos de colaboración y articulación público-privada entre la ANID, la Corporación CINCEL y las universidades públicas y privadas de Chile. Su propósito es: democratizar la circulación, el acceso y uso del conocimiento científico por parte de la comunidad científica, la sociedad civil, el Estado, la industria y la ciudadanía con estándares de acceso abierto y prácticas de ciencia abierta respaldadas por organismos internacionales como la OCDE, la UNESCO y LA Referencia; fomentar una nueva forma de acceder, gestionar y utilizar el conocimiento que se genera con fondos públicos, al fortalecer el papel de las bibliotecas universitarias y reducir la dependencia de la oferta de editoriales extranjeras; y aminorar las brechas de desigualdad y responder a las demandas regionales que promueven la descentralización.",https://acceso-abierto.anid.cl/componentes/infraestructura-nacional-de-acceso/,cienciaabierta@anid.cl,"0101,0102,0103,0401,0503,0601,0602,0701,0702,0703,0704,0705,0706,0707",X,X,X,,,,,,,,,,X,,,,X,X,X,X,X,X,X,X,X,X,0101,0102,0103,,,,,,,,,,0401,,,,0503,0601,0602,0701,0702,0703,0704,0705,0706,0707
 CL,Acuerdo de Colaboración ANID-Universidades,"Se ha establecido un acuerdo de colaboración entre ANID y todas las universidades, tanto públicas como privadas, con el objetivo de implementar la Red de Apoyo para la Infraestructura Nacional de Acceso. Esta colaboración es esencial para asegurar la participación activa de todas las instituciones en la mejora de la infraestructura de acceso a la investigación. Con ello se crea la  gobernanza en conjunto con las universidades.",https://acceso-abierto.anid.cl/componentes/infraestructura-nacional-de-acceso/,cienciaabierta@anid.cl,"0101,0102,0104,0401,0503,0701,0703,0705",X,X,,X,,,,,,,,,X,,,,X,,,X,,X,,X,,,0101,0102,,0104,,,,,,,,,0401,,,,0503,,,0701,,0703,,0705,,
 CL,Comités Técnicos Asesores,"Son parte de la Red de Apoyo de la INA que tiene como objetivo asegurar la representación de los actores que intervienen en los diferentes procesos y una cadena de decisiones consensuada, expedita y eficiente. Los Comités Técnicos Asesores están especializados en contenidos y tecnologías; y trabajan en capacitaciones, encuestas y análisis de calidad de metadatos y repositorios en toda la red. Esto garantiza el mantenimiento y mejora continua de los recursos disponibles.",https://acceso-abierto.anid.cl/componentes/infraestructura-nacional-de-acceso/,cienciaabierta@anid.cl,"0105,0702",,,,,X,,,,,,,,,,,,,,,,X,,,,,,,,,,0105,,,,,,,,,,,,,,,,0702,,,,,
 CL,Repositorio ANID,"Es un servicio digital de información iniciado en 2012 que difunde, administra y preserva la producción científica resultante de los diferentes instrumentos financiados por la ANID. Facilita el acceso y disponibilidad a sus más de 70.000 recursos, ya que todos ellos están en modalidad de acceso abierto (libre y gratuito). Se pueden encontrar documentos como artículos, capítulos de libros, patentes, materiales audiovisuales, materiales cartográficos, software, libros, manuscritos aceptados, informes finales, ponencias, tesis, Plan de Gestión de Datos y datos de investigación.",https://repositorio.anid.cl/home,inforepo@anid.cl,"0101,0102,0103,0401,0502,0503,0601,0602,0702,0703,0704,0705,0707",X,X,X,,,,,,,,,,X,,,X,X,X,X,,X,X,X,X,,X,0101,0102,0103,,,,,,,,,,0401,,,0502,0503,0601,0602,,0702,0703,0704,0705,,0707
 CL,InES (Innovación en la Educación Superior) Ciencia Abierta,"Es un instrumento de financiación otorgado por ANID desde el 2021 que busca la implementación de procesos de gestión del cambio que resulten en la instalación de capacidades permanentes en las universidades por intermedio de la ejecución de planes de desarrollo. Contando actualmente con tres líneas temáticas, la convocatoria InES Ciencia Abierta tiene por objetivo contribuir a instalar capacidades institucionales para gestionar el conocimiento generado (información científica y datos de investigación) de acuerdo con la Política de Acceso a la Información Científica y a Datos de Investigación de ANID y estándares internacionales.",https://anid.cl/concursos/concurso-ines-ciencia-abierta-2023/,cienciaabierta@anid.cl,"0101,0102,0103,0104,0105,0401,0601,0602,0701,0702,0703,0704,0705,0706",x,x,x,X,x,,,,,,,,x,,,,,x,x,X,x,x,x,x,x,,0101,0102,0103,0104,0105,,,,,,,,0401,,,,,0601,0602,0701,0702,0703,0704,0705,0706,
 CL,Consorcio ORCID-Chile,"Es un consorcio creado por ANID junto con 18 universidades (a febrero del 2024), cuyo objetivo principal es extender el uso de identificadores persistentes en la comunidad CTCI, proveyendo de un punto de articulación de esfuerzos personales e institucionales que permita acelerar la curva de adopción y uso de ORCID y de otros ID. Este consorcio brinda la oportunidad de establecer un espacio inter-institucional para el intercambio de experiencias y recursos alineados con los esfuerzos para implementar una infraestructura nacional de acceso a la información científica interoperable y robusta. ",https://www.cincel.cl/iniciativas/orcid,secretariaejecutiva@cincel.cl,"0401,0601,0602,0701,0703,0705,0707",,,,,,,,,,,,,X,,,,,X,X,X,,X,,X,,X,,,,,,,,,,,,,0401,,,,,0601,0602,0701,,0703,,0705,,0707
 CL,Política de Acceso Abierto a la Información Científica y a Datos de Investigación (PAA),"La Política de Acceso Abierto a la Información Científica y a Datos de Investigación (PAA) es un esfuerzo normativo de ANID que pone a disposición de la ciudadanía los resultados científicos  y académicos generados con financiamiento de ANID. Este marco busca aumentar la visibilidad, reutilización y impacto social de los conocimientos producidos en Chile. Entró en vigencia en 2022 para algunos instrumentos de ANID con producción de resultados científicos, sumando 54 concursos hasta febrero de 2024. 
La PAA es catalizador de la Infraestructura Nacional de Acceso (INA).",https://acceso-abierto.anid.cl/,cienciaabierta@anid.cl,"0101,0102,0104,0401,0502,0601,0602,0701,0702,0703,0704,0705,0707",X,X,,X,,,,,,,,,X,,,X,,X,X,X,X,X,X,X,,X,0101,0102,,0104,,,,,,,,,0401,,,0502,,0601,0602,0701,0702,0703,0704,0705,,0707
 CL,"Estrategia Nacional de Ciencia, Tecnología, Conocimiento e Innovación para el Desarrollo","Documento que aborda los desafíos y oportunidades de desarrollo del país y sus regiones. La Estrategia entrega, por una parte, una serie de orientaciones enfocadas a fortalecer el Ecosistema CTCI, considerando aspectos prioritarios tanto a nivel transversal, como específicos para cada uno de sus componentes. Por otra, propone un conjunto de catalizadores de la Visión que, sintonizando con las principales preocupaciones actuales y de futuro del país, buscan movilizar y acelerar la capacidad transformadora que tiene la CTCI, potenciando su contribución a un desarrollo sostenible e integral.",https://docs.consejoctci.cl/documento/estrategia-nacional-de-ciencia-tecnologia-conocimiento-e-innovacion-para-el-desarrollo-de-chile-2022/,consejo@consejoctci.cl,"0101,0202,0501,0503,0601,0701,0707",X,,,,,,X,,,,,,,,X,,X,X,,X,,,,,,X,0101,,,,,,0202,,,,,,,,0501,,0503,0601,,0701,,,,,,0707
 CL,Portal del Investigador,"Es un sistema de registro y auto-actualización curricular de investigadoras e investigadores con filiación Chile en que se da cuenta de la experiencia profesional, académica y productividad científica. El objetivo del Portal del Investigador es potenciar la visibilidad del trabajo investigativo y facilitar el encuentro de pares de la comunidad científica nacional. 
El Portal del Investigador es uno de las plataformas integrantes de la Infraestructura Nacional de Acceso (INA).",https://investigadores.anid.cl/,contacto@informacioncientifica.cl,"0401,0703,0705,0706,0707",,,,,,,,,,,,,X,,,,,,,,,X,,X,X,X,,,,,,,,,,,,,0401,,,,,,,,,0703,,0705,0706,0707
 CL,Fondo de Publicación de Revistas Científicas,"El Fondo de Publicación de Revistas Científicas apoya financieramente la ejecución de proyectos orientados a perfeccionar las revistas científicas nacionales de acceso abierto indizadas en las bases de datos Web of Science, SCOPUS y/o SciELO Chile para elevar la calidad general de la publicación y su visibilidad, facilitando la comunicación y difusión de los resultados de investigación.",https://anid.cl/redes-estrategia-y-conocimiento/concurso-fondo-de-publicacion-de-revistas-cientificas/,https://ayuda.anid.cl/,"0101,0102,0104,0303,0401,0501,0502,0701,0702,0703,0704,0705",X,X,,X,,,,,,,,X,X,,X,X,,,,X,X,X,X,X,,,0101,0102,,0104,,,,,,,,0303,0401,,0501,0502,,,,0701,0702,0703,0704,0705,,
EC,Trabajo conjunto con Senescyt en una hoja de Ruta común en acciones en proyectos enmarcados con La Referencia,Colaboración con Senescyt en el desarrollo de una hoja de ruta que establece acciones y proyectos en línea con los objetivos de La Referencia en el ámbito de la Ciencia Abierta y el Acceso Abierto.,https://www.educacionsuperior.gob.ec/senescyt-y-rectores-del-pais-elaboran-hoja-de-ruta-para-una-distribucion-de-recursos-equitativa/,https://www.trabajo.gob.ec/sistema-contacto-ciudadano-mantenimiento/,"0101,0702,0704",X,,,,,,,,,,,,,,,,,,,,X,,X,,,,0101,,,,,,,,,,,,,,,,,,,,0702,,0704,,,
EC,Infraestructura tecnológica de Ciencia Abierta y colaboración en proyectos internacionales,"Ecuador está enfocado en desarrollar una infraestructura tecnológica robusta para respaldar la Ciencia Abierta. Además, colabora en proyectos de fondos internacionales para mejorar las plataformas relacionadas con datos e información generados por la comunidad académica y científica en el país.",,,"0701,0704",,,,,,,,,,,,,,,,,,,,X,,,X,,,,,,,,,,,,,,,,,,,,,,,0701,,,0704,,,
EC,Red de Repositorio de Acceso Abierto del Ecuador (RRAAE) y Biblioteca Digital Ecuatoriana,"La RRAAE, gestionada por CEDIA, ofrece servicios de recolección y difusión de información digital de acceso abierto de instituciones de educación superior en Ecuador. La Biblioteca Digital Ecuatoriana, a cargo del Consorcio de Bibliotecas Universitarias, actúa como repositorio y ofrece asesoramiento en herramientas bibliográficas y edición académica.",https://rraae.cedia.edu.ec/,info@cedia.org.ec,0702,,,,,,,,,,,,,,,,,,,,,X,,,,,,,,,,,,,,,,,,,,,,,,,,0702,,,,,
EC,Financiación colectiva para investigación y Evaluación abierta,"SENESCYT es la institución responsable de financiar actividades de ciencia y tecnología en Ecuador. Ofrece convocatorias públicas para financiar programas de investigación en siete áreas. Además, se lleva a cabo la evaluación del rendimiento científico a través de un sistema de acreditación de investigadores y agentes de innovación.",https://www.educacionsuperior.gob.ec/,,"0401,0703",,,,,,,,,,,,,X,,,,,,,,,X,,,,,,,,,,,,,,,,,0401,,,,,,,,,0703,,,,
EC,"Plan de Ciencia, Tecnología, Innovación y Saberes Ancestrales (CTiySA)"," El Código Orgánico de la Economía Social de los Conocimientos, Creatividad e Innovación establece principios de acceso libre y democrático al conocimiento. El Plan de Ciencia, Tecnología, Innovación y Saberes Ancestrales (CTiySA) incluye acciones para promover políticas de acceso abierto y fomentar la publicación de investigaciones financiadas con fondos públicos en acceso abierto.",https://www.educacionsuperior.gob.ec/senescyt-inicia-la-construccion-del-plan-nacional-de-ciencia-tecnologia-innovacion-y-saberes-ancestrales-2030/,https://aplicaciones.administracionpublica.gob.ec/,"0401,0701",,,,,,,,,,,,,X,,,,,,,X,,,,,,,,,,,,,,,,,,,0401,,,,,,,0701,,,,,,
EC,LA Referencia ,"País socio del proyecto LA Referencia, ha generado varias iniciativas nacionales en el tema de Repositorios Institucionales y Acceso Abierto. Es signatario de los principales acuerdos de LA Referencia",https://www.lareferencia.info/es/nodos/ecuador,https://www.lareferencia.info/es/contacto,"0101,0701,0703,0705",X,,,,,,,,,,,,,,,,,,,X,,X,,X,,,0101,,,,,,,,,,,,,,,,,,,0701,,0703,,0705,,
EC,Nodo RDA,"Se logró un acercamiento exitoso a Rebeca Koskela, Presidenta de RDA US, con la ayuda de Andrea Mora de Costa Rica. Este contacto se estableció para fortalecer la colaboración en iniciativas relacionadas con la Ciencia Abierta y el Acceso Abierto, con el objetivo de construir un ecosistema de investigación sólido.",,,"0101,0705",X,,,,,,,,,,,,,,,,,,,,,,,X,,,0101,,,,,,,,,,,,,,,,,,,,,,,0705,,
ES,Proyecto DIAMAS (Developing Institutional Open Access Publishing Models to Advance Scholarly Communication),"El proyecto DIAMAS es una iniciativa europea que busca fortalecer la publicación institucional de Acceso Abierto en toda Europa. Con la participación de 23 organizaciones de 12 países diferentes, DIAMAS tiene como objetivo trazar el panorama de las revistas diamante en el Espacio Europeo de Investigación y desarrollar normas, directrices y prácticas comunes para el sector de la publicación en Acceso Abierto. Además, se formularán recomendaciones dirigidas a instituciones de investigación para coordinar el apoyo sostenible a las actividades de publicación diamante en Europa",https://diamasproject.eu/,https://diamasproject.eu/contact/,"0101,0701,0704",X,,,,,,,,,,,,,,,,,,,X,,,X,,,,0101,,,,,,,,,,,,,,,,,,,0701,,,0704,,,
ES,Implementación de infraestructura tecnológica para la Ciencia Abierta en FECYT,"FECYT, como parte esencial del proyecto DIAMAS, gestiona el recolector ""Recolecta,"" se encarga de la evaluación de revistas y administra el CVN (Currículum Vitae Normalizado). Estos elementos son fundamentales para el desarrollo de la Ciencia Abierta en España y Europa. FECYT trabaja en la certificación de repositorios mediante un validador que utiliza el software de OpenAIRE y busca implementar un modelo de evaluación cualitativa de repositorios para complementar la certificación basada en metadatos.",https://www.fecyt.es/es/noticia/fecyt-se-adhiere-operas-una-infraestructura-de-investigacion-europea-para-la-implementacion,comunicacion@fecyt.es,"0101,0702",X,,,,,,,,,,,,,,,,,,,,X,,,,,,0101,,,,,,,,,,,,,,,,,,,,0702,,,,,
ES,Relación entre Europa y Latinoamérica en Ciencia Abierta,"Se destaca la importancia de construir infraestructuras de datos comparables en Latinoamérica a través de colaboraciones como EOSC (European Open Science Cloud) y grandes infraestructuras de generación, preservación y almacenamiento a largo plazo. También se menciona el interés de España en vincular su política de Ciencia Abierta con América Latina.",https://eosc-portal.eu/,https://eosc-portal.eu/contact-us,"0501,0705",,,,,,,,,,,,,,,X,,,,,,,,,X,,,,,,,,,,,,,,,,,0501,,,,,,,,,0705,,
ES,Reformas en las políticas de Acceso Abierto en España,"España reformó la Ley de la Ciencia en septiembre de 2022, con un enfoque en Ciencia Abierta que abarca publicaciones, datos, protocolos, metodologías y software. La nueva ley prohíbe la cesión de derechos de propiedad intelectual a favor de las editoriales y elimina el período de embargo, permitiendo el Acceso Abierto inmediato a través de repositorios.",https://www.boe.es/eli/es/l/2022/09/05/17/con,https://www.boe.es/contactar/,"0601,0703",,,,,,,,,,,,,,,,,,X,,,,X,,,,,,,,,,,,,,,,,,,,,,0601,,,,0703,,,,
ES,Cooperación entre Europa y Latinoamérica en Acceso Abierto,"Se destaca la importancia de fortalecer las alianzas y la colaboración entre Europa y América Latina en política de Acceso Abierto. Se menciona un trabajo de análisis de las políticas de Acceso Abierto en LATAM, en el que se incluyen recomendaciones para fortalecer las relaciones institucionales y la cooperación.",,,0705,,,,,,,,,,,,,,,,,,,,,,,,X,,,,,,,,,,,,,,,,,,,,,,,,,,0705,,
ES,Eventos y estrategias futuras en Ciencia Abierta,"Se prevé la realización del evento ""Open Science Fair"" en Madrid en septiembre de 2023, en el contexto de la presidencia española del Consejo de la Unión Europea. Además, se está trabajando en la elaboración de una Estrategia Nacional de Ciencia Abierta que incluirá medidas, presupuestos e indicadores de seguimiento, y se espera su publicación durante el período de la presidencia española.",,,"0102,0705",,X,,,,,,,,,,,,,,,,,,,,,,X,,,,0102,,,,,,,,,,,,,,,,,,,,,,0705,,
ES,LA Referencia ,"España es país socio de LA Referencia a través de la Fundación Española para la Ciencia y Tecnología, F.S.P. (FECYT). La FECYT impulsa el movimiento de acceso abierto en España colaborando en el correcto diseño e implementación de las políticas de acceso abierto y Ciencia Abierta a nivel nacional y europeo.",https://www.lareferencia.info/es/nodos/espana,recolecta@fecyt.es,"0101,0701,0703,0705",x,,,,,,,,,,,,,,,,,,,X,,X,,X,,,0101,,,,,,,,,,,,,,,,,,,0701,,0703,,0705,,
UY,Sistema nacional de repositorios abiertos de ciencia y tecnología,"Reunir y difundir la producción nacional recogida en repositorios institucionales,articular políticas institucionales de acceso abierto, estandarizar matadatos, dar soporte a repositorios. ",silo.uy,silo@anii.org.uyy,"0101,0401,0703,0704,0705,0707",X,,,,,,,,,,,,X,,,,,,,,,X,X,X,,X,0101,,,,,,,,,,,,0401,,,,,,,,,0703,0704,0705,,0707
UY,Reglamento de Acceso Abierto de la Agencia Nacional de Investigación e Innovación,"En Uruguay, se están empezando a ver los resultados del reglamento de Acceso Abierto de la Agencia Nacional de Investigación e Innovación (ANII). Aunque Uruguay no tiene una política nacional de acceso abierto, tanto ANII como la Universidad de la República (UdelaR) tienen mandatos específicos relacionados con las publicaciones financiadas con fondos públicos. ANII publicó en 2019 su reglamento de Acceso Abierto, que establece la obligación de los beneficiarios de instrumentos de I+D de depositar las publicaciones resultantes en acceso abierto a través de un repositorio miembro del Sistema nacional de repositorios abiertos en ciencia y tecnología cosechado por el agregador nacional SILO.",https://www.anii.org.uy/institucional/documentos-de-interes/30/reglamento-de-acceso-abierto/,silo@anii.org.uy,"0101,0401,0602,0702,0704,0706",X,,,,,,,,,,,,X,,,,,,X,,X,,X,,X,,0101,,,,,,,,,,,,0401,,,,,,0602,,0702,,0704,,0706,
UY,REDATA Repositorio de datos de investigación en Uruguay,"ANII está trabajando en un programa de incentivo a la apertura de datos de investigación que incluye incentivos para la apertura de datos, capacitación sobre datos de investigación FAIR para distintos públicos  y el desarrollo de un repositorio de datos de investigación que se pondrá en produccción en el primer semestre de 2024.",,silo@anii.org.uy,"0101,0102,0202,0401,0502,0701,0703,0704,0705,0706",X,X,,,,,X,,,,,,X,,,X,,,,X,,X,X,X,X,,0101,0102,,,,,0202,,,,,,0401,,,0502,,,,0701,,0703,0704,0705,0706,
UY,CVUY,CVUy es el sistema de currículos académicos utilizado a nivel nacional. Los datos de los usuarios de CVUy están disponibles a instituciones de investigación través de un servicio web para fines de evaluación y/o investigación. CVUy busca reflejar la diversidad de perfiles y productos de I+D para ponerla a consideración de los evaluadores.,https://cvuy.uy/,cvuy@anii.org.uy,"0102,0401,0703,0704,0705",,X,,,,,,,,,,,X,,,,,,,,,X,X,X,,,,0102,,,,,,,,,,,0401,,,,,,,,,0703,0704,0705,,
UY,LA Referencia ,"País socio del Proyecto LA-Referencia, ha generado iniciativas nacionales en el tema de Repositorios y Acceso Abierto.",https://www.lareferencia.info/es/nodos/uruguay,anii@anii.org.uy,"0101,0102,0103,0401,0702,0705",X,X,X,,,,,,,,,,X,,,,,,,,X,,,X,,,0101,0102,0103,,,,,,,,,,0401,,,,,,,,0702,,,0705,,
UY,Innovación en servicios públicos,"ANII junto alBID Lab buscan ayudar a mejorar los servicios públicos que utilizan las personas, aprovechando la incorporación de nuevos conocimientos y tecnologías mediante la innovación abierta, para beneficio de la población.",https://innovacionpublica.anii.org.uy/,innovacionpublica@anii.org.uy,0502,,,,,,,,,,,,,,,,X,,,,,,,,,,,,,,,,,,,,,,,,,,0502,,,,,,,,,,
PE,SciELO y Evaluación de Revistas,Perú gestiona el Portal SciELO Perú y está proponiendo aumentar el puntaje de calificación para investigadores Renacyt en revistas que forman parte de SciELO,http://www.scielo.org.pe/,soporte.cti@concytec.gob.pe,"0101,0102,0401,0501,0701,0704,0706",X,X,,,,,,,,,,,X,,X,,,,,X,,,X,,X,,0101,0102,,,,,,,,,,,0401,,0501,,,,,0701,,,0704,,0706,
PE,Sistema de Currículums CTI Vitae ,"Sistema que almacena hojas de vida autorreferenciadas. Es la puerta de ingreso al Sistema Nacional de Ciencia Tecnología e Innovación. A los usuarios inscritos se les permite participar en los fondos concursables del Concytec, a tráves del Prociencia y, acceder a bases de datos bibliográficas, redes especializadas y revistas científicas a texto completo.",soporte.cti@concytec.gob.pe,soporte.cti@concytec.gob.pe,"0101,0401,0703,0706",X,,,,,,,,,,,,X,,,,,,,,,X,,,X,,0101,,,,,,,,,,,,0401,,,,,,,,,0703,,,0706,
PE,PerúCRIS,"Sistema nacional de información en ciencia, tecnología e innovación. Busca establecer, desarrollar y operar la Red Nacional de Información en Ciencia, Tecnología e Innovación Tecnológica (CTI), a fin de consolidar y gestionar la información científica y académica de todo el Perú, generar estadísticas para apoyar la toma de decisiones a nivel institucional, regional, sectorial y nacional; así como visibilizar globalmente las actividades, capacidades y producción científica de los investigadores peruanos.",www.perucris.pe,perucris@concytec.gob.pe,"0101,0401,0501,0703,0706",X,,,,,,,,,,,,X,,X,,,,,,,X,,,X,,0101,,,,,,,,,,,,0401,,0501,,,,,,,0703,,,0706,
PE,Evaluación de Repositorios Institucionales integrados en ALICIA,"Evalúa el funcionamiento de los repositorios institucionales y el cumplimiento de criterios que incluyen visibilidad, aspectos legales, metadatos, interoperabilidad, entre otros, en el marco de la Ley 30035",https://alicia.concytec.gob.pe/,alicia@concytec.gob.pe,"0101,0102,0103,0401,0501,0702,0703,0705",X,X,X,,,,,,,,,,X,,X,,,,,,X,X,,X,,,0101,0102,0103,,,,,,,,,,0401,,0501,,,,,,0702,0703,,0705,,
PE,Red Latinoamericana de Evaluación por Pares (REDLARP),"Perú lidera la iniciativa que presentó en la Reunión de Ministros de Ciencia y Tecnología en 2022. Esta red permite a los países de la CELAC compartir conocimientos de I+D y experiencias en la evaluación de proyectos de investigación, incluyendo bases de datos de evaluadores y documentos técnicos. Ha recibido aprobación de las oficinas legales de OEI y Concytec y se encuentra en proceso de firma por los titulares de ambos organismos",https://www.gob.pe/institucion/concytec/noticias/667720-el-peru-aporta-a-nuevo-plan-de-accion-de-la-oei-en-favor-del-desarrollo-y-cooperacion-iberoamericana-en-cti,ccordova@concytec.gob.pe,"0401,0501,0703,0704,0705,0706,0707",,,,,,,,,,,,,X,,X,,,,,,,X,X,X,X,X,,,,,,,,,,,,,0401,,0501,,,,,,,0703,0704,0705,0706,0707
PE,Código de Integridad Científica,"Establece normas de conducta, infracciones y sanciones para toda persona natural o jurídica que realice investigación científica, desarrollo tecnológico y/o innovación tecnológica en el territorio nacional.",https://www.gob.pe/institucion/concytec/normas-legales/5323788-028-2024-concytec-p,comunicacion@concytec.gob.pe,0601,,,,,,,,,,,,,,,,,,X,,,,,,,,,,,,,,,,,,,,,,,,,,0601,,,,,,,,
PE,LA Referencia ,"País socio del Proyecto LA-Referencia, ha generado iniciativas nacionales en el tema de Repositorios y Acceso Abierto, entre los que se destacan: el uso de repositorios registrados en OpenDOAR, repositorios en el sector público, repositorios de datos. Es signatario de los principales acuerdos de LA Referencia",https://www.lareferencia.info/es/nodos/peru,alicia@concytec.gob.pe,"0101,0401,0702,0705,0707",X,,,,,,,,,,,,X,,,,,,,,X,,,X,,X,0101,,,,,,,,,,,,0401,,,,,,,,0702,,,0705,,0707
PE,Ley Nº 30035 ,"Establece el marco normativo del Repositorio Nacional Digital de Ciencia, Tecnología e Innovación de Acceso Abierto (ALICIA)",https://portal.concytec.gob.pe/images/stories/images2013/portal/areas-institucion/dsic/ley-30035.pdf,alicia@concytec.gob.pe,"0601,0702,0705,0706",,,,,,,,,,,,,,,,,,X,,,X,,,X,X,,,,,,,,,,,,,,,,,,,0601,,,0702,,,0705,0706,
PE,Ley N°31250,"Establece el marco normativo de la Ley del Sistema Nacional de Ciencia, Tecnología e Innovación (SINACTI). Crea el Sistema Nacional de Ciencia, Tecnología e Innovación (Sinacti)",https://busquedas.elperuano.pe/dispositivo/NL/1968664-1,comunicacion@concytec.gob.pe,,,,,,,,,,,,,,,,,,,X,,,X,,,X,,,,,,,,,,,,,,,,,,,,,,,,,,,,
PE,Reglamento de la Ley N°31250 (en proceso de aprobación. Ya pasó por el periodo de consulta pública),"Regula la aplicación de lo dispuesto en la Ley N° 31250, Ley del Sistema Nacional de Ciencia, Tecnología e Innovación (SINACTI). En su artículo 37, menciona que el CONCYTEC promueve prácticas de Ciencia Abierta para el aprovechamiento de datos de investigación e información científica resultante de actividades de CTI, para que sea libremente accesible a través de la Red Nacional de Información en CTI. Asimismo, en su artículo 38, indica que:  Las entidades del SINACTI, cuyas investigaciones son financiadas con fondos públicos, deben poner a disposición pública los datos de las investigaciones en formato de acceso abierto, salvo las excepciones señaladas en las directivas elaboradas por el ente rector. Además, las personas naturales o jurídicas que se presentan a una convocatoria para financiar proyectos en materia de CTI con fondos públicos deben presentar durante el proceso de postulación el Plan de Gestión de Datos del proyecto de investigación. ",https://cdn.www.gob.pe/uploads/document/file/5266882/4734104-proyecto-de-reglamento-ley-31250.pdf?v=1697120505,comunicacion@concytec.gob.pe,,,,,,,,,,,,,,,,,,,X,,,X,,,X,,,,,,,,,,,,,,,,,,,,,,,,,,,,
MX,Política Nacional de Acceso Abierto,México tiene una política nacional de acceso abierto estructurada a través de un marco legal consistente y una institución fuerte encargada de su implementación: el CONAHCyT.,https://conahcyt.mx/conahcyt/que-es-el-conahcyt/,cca@conacyt.mx,0601,,,,,,,,,,,,,,,,,,X,,,,,,,,,,,,,,,,,,,,,,,,,,0601,,,,,,,,
MX,Sistema CRMCYT,"El CONAHCyT gestiona el Sistema de Clasificación de Revistas Mexicanas de Ciencia y Tecnología (Sistema CRMCYT), que busca elevar la calidad, visibilidad e impacto de las revistas científicas.",https://conahcyt.mx/servicios-en-linea/crmcyt/,cca@conacyt.mx,0101,X,,,,,,,,,,,,,,,,,,,,,,,,,,0101,,,,,,,,,,,,,,,,,,,,,,,,,
MX,SciELO México,"SciELO México es una hemeroteca virtual conformada por una colección de revistas mexicanas de todas las áreas del conocimiento, desde 2004 es desarrollada por la Dirección General de Bibliotecas y Servicios Digitales de Información (DGBSDI) de la Universidad Nacional Autónoma de México (UNAM). Es gestionado desde 2004 por la Dirección General de Bibliotecas y Servicios Digitales de Información (DGBSDI) de la UNAM.",https://www.scielo.org.mx/scielo.php,scielo@dgb.unam.mx,"0101,0103",X,,X,,,,,,,,,,,,,,,,,,,,,,,,0101,,0103,,,,,,,,,,,,,,,,,,,,,,,
MX,CONRICYT,Consorcio Nacional de Recursos de Información Científica y Tecnológica (CONRICYT) facilita el acceso a la información científica en formatos digitales a las comunidades académicas de las instituciones de educación superior y centros de investigación.,https://www.conricyt.mx/,serviinfo.conricyt@gmail.com,0102,,X,,,,,,,,,,,,,,,,,,,,,,,,,,0102,,,,,,,,,,,,,,,,,,,,,,,,
MX,Red Mexicana de Repositorios Institucionales (REMERI),"Plataforma que cosecha e indexa los repositorios digitales de las Instituciones Mexicanas de Educación Superior, para permitir su   difusión, localización y visualización a través de interfaces comunes basadas en estándares internacionales de interoperabilidad. Las líneas estratégicas de desarrollo de REMERI comprenden el desarrollo de servicios y proyectos colaborativos, normalización de metadatos, adopción de vocubularios e identificadores digitales y la capacitación y asesoría a las instituciones mexicanas miembros de la Red.  ",http://www.remeri.org.mx/app/index.html,alinavn@uaslp.mx,"0401,0703,0704,0705",,,,,,,,,,,,,X,,,,,,,,,X,X,X,,,,,,,,,,,,,,,0401,,,,,,,,,0703,0704,0705,,
MX,Directorio Nacional de Repositorios Digitales de Acceso Abierto de México (DiNaRe),"Proyecto en fase de desarrollo. El objetivo es establecer un registro estándar de los repositorios digitales de Ciencia Abierta en México, basado en el modelo de OpenDOAR, que ofrecerá servicios y herramientas para administradores de repositorios y permitirá mantener un registro actualizado de los diferentes repositorios institucionales, temáticos, de recursos educativos, datos de investigación y de patrimonio documental que existen en México; con la finalidad de facilitar la inclusión de nuevos repositorios, ampliar la visibilidad de las instituciones responsables y promover proyectos colaborativos en el ámbito digital.",http://sedici.unlp.edu.ar/handle/10915/136676,alinavn@uaslp.mx,"0102,0401,0703,0704,0705",,X,,,,,,,,,,,X,,,,,,,,,X,X,X,,,,0102,,,,,,,,,,,0401,,,,,,,,,0703,0704,0705,,
MX,"Programa Especial de Ciencia, Tecnología e Innovación (PECITI).","La política de ciencia, tecnología e innovación se articula a través del Programa Especial de Ciencia, Tecnología e Innovación (PECITI).",https://conahcyt.mx/conahcyt/peciti/,cca@conacyt.mx,0601,,,,,,,,,,,,,,,,,,X,,,,,,,,,,,,,,,,,,,,,,,,,,0601,,,,,,,,
MX,Obligaciones Legales,"El Artículo 3 de la última reforma de la Constitución de los Estados Unidos Mexicanos establece que el Estado apoyará la investigación e innovación científica, humanística y tecnológica, y garantizará el acceso abierto a la información que derive de ella.",http://www.ordenjuridico.gob.mx/Constitucion/articulos/3.pdf,,0601,,,,,,,,,,,,,,,,,,X,,,,,,,,,,,,,,,,,,,,,,,,,,0601,,,,,,,,
MX,Políticas Institucionales de la Universidad Autónoma de México (UNAM),"La UNAM tiene su propia política institucional de acceso abierto. En la misma promueve el acceso abierto y consulta libre y gratuita del contenido digital a través de Internet, producto de las actividades académicas, científicas, de investigación y culturales que se desarrollan en la UNAM y que son publicados por las entidades académicas y dependencias universitarias.","https://www.visibilidadweb.unam.mx/buenas-practicas/acceso-abierto#:~:text=El%20acceso%20abierto%20es%20un,p%C3%BAblico%20en%20l%C3%ADnea%2C%20sin%20restricciones.",bcentral@dgb.unam.mx,"0103,0602",,,X,,,,,,,,,,,,,,,,X,,,,,,,,,,0103,,,,,,,,,,,,,,,,0602,,,,,,,
MX,Políticas Institucionales de la Universidad Autónoma del Estado de Mexico (UAMEX),"La UAMEX tiene su propia política institucional de acceso abierto. Esta tiene por objeto regular el acceso abierto a todo tipo de investigación, materiales educativos, académicos, científicos, tecnológicos, de innovación y culturales, financiados total o parcialmente con recursos públicos o que hayan utilizado infraestructura pública en su realización, en la Universidad Autónoma del Estado de México.",https://hemeroteca.uaemex.mx/plugins/themes/bootstrap3/Acceso_Abierto.pdf,rectoria@uaemex.mx,"0103,0602",,,X,,,,,,,,,,,,,,,,X,,,,,,,,,,0103,,,,,,,,,,,,,,,,0602,,,,,,,
MX,LA Referencia ,"País socio del Proyecto LA Referencia, ha generado iniciativas nacionales en el tema de Repositorios y Acceso Abierto. Es signatario de los principales acuerdos de LA Referencia",https://www.lareferencia.info/es/nodos/mexico,alinavn@uaslp.mx,"0101,0102,0401,0502,0703,0704,0705",X,X,,,,,,,,,,,X,,,X,,,,,,X,X,X,,,0101,0102,,,,,,,,,,,0401,,,0502,,,,,,0703,0704,0705,,
PA,Políticas de Acceso Abierto en Universidades,"Tres universidades panameñas implementan políticas de Acceso Abierto, basadas en lineamientos que estableció la Universidad Tecnológica de Panamá.",,,"0602,0704",,,,,,,,,,,,,,,,,,,Cuerpos Normativos Institucionales ,,,,X,,,,,,,,,,,,,,,,,,,,,,0602,,,,0704,,,
PA,Nodo Nacional y Repositorios,"El nodo nacional se constituyó en 2019 con ayuda de LA Referencia, pasando de no tener repositorios a 10 repositorios. La Universidad Tecnológica desarrolló un sistema para implementar el DSPACE 6.3. El desafío es tratar el tema de la actualización de las versiones de DSPACE y directrices de metadatos.",,,"0102,0401,0502,0702,0703",,Datos abiertos de investigación,,,,,,,,,,,Virtuales,,,Innovación abierta,,,,,x,x,,,,,,0102,,,,,,,,,,,0401,,,0502,,,,,0702,0703,,,,
PA,Repositorio Nacional de Datos,"Se ha empezado a implementar un repositorio nacional de datos con Dataverse, trabajando en un piloto para poder escalar en el futuro. Se busca documentar las experiencias de los países con Dataverse.",https://www.senacyt.gob.pa/wp-content/uploads/2021/06/VHarris-Costa-Rica.pdf,info@senacyt.gob.pa,"0102,0103,0401,0502,0503,0702",,Datos abiertos de investigación,Recursos Educativos Abiertos,,,,,,,,,,Virtuales,,,Innovación abierta,Investigación abierta y reproducible,,,,x,,,,,,,0102,0103,,,,,,,,,,0401,,,0502,0503,,,,0702,,,,,
PA,Cooperación con la Universidad de Panamá,Con la Universidad de Panamá (UP) se hizo un trabajo fuerte para incluirlas dentro de la cosecha del nodo nacional. Falta trabajar en la implementación de las directrices.,,,"0103,0401,0703",,,Recursos Educativos Abiertos,,,,,,,,,,Virtuales,,,,,,,,,x,,,,,,,0103,,,,,,,,,,0401,,,,,,,,,0703,,,,
PA,CRIS CONECTO,"Se lanzó un CRIS con enfoque nacional, denominado CONECTO, coadministrado por organizaciones miembros del CRIS.",http://conecto.senacyt.gob.pa/conecto/about,conecto@indicasat.org.pa,"0105,0401,0702",,,,,Equipos informáticos de código abierto,,,,,,,,Virtuales,,,,,,,,x,,,,,,,,,,0105,,,,,,,,0401,,,,,,,,0702,,,,,
PA,Acceso a Bibliografía Científica (ABC),La plataforma Acceso a Bibliografía Científica (ABC) participa activamente en iniciativas de ciencia abierta.,https://abc.senacyt.gob.pa,abc@senacyt.gob.pa,"0401,0704",,,,,,,,,,,,,Virtuales,,,,,,,,,,x,,,,,,,,,,,,,,,,0401,,,,,,,,,,0704,,,
PA,Sistema Nacional de Gestión del Conocimiento,"SENACyT está desarrollando una iniciativa para consolidar el Sistema Nacional de Gestión del Conocimiento Científica, Tecnológico e Innovador de Panamá mediante un ecosistema de plataformas digitales.",https://www.senacyt.gob.pa,info@senacyt.gob.pa,"0102,0104,0401,0502,0503,0702",,Datos abiertos de investigación ,,Programas informáticos de código abierto y código fuente abierto,,,,,,,,,Virtuales,,,Innovación abierta,Investigación abierta y reproducible,,,,x,,,,,,,0102,,0104,,,,,,,,,0401,,,0502,0503,,,,0702,,,,,
PA,Repositorios Institucionales de Acceso Abierto,En Panamá existen 8 repositorios institucionales de acceso abierto de entidades de CTI (universidades e instituciones de investigación).,,,"0102,0103,0401,0501,0503,0702",,Datos abiertos de investigación ,Recursos Educativos Abiertos,,,,,,,,,,Virtuales,,Evaluación abierta de la ciencia,,Investigación abierta y reproducible,,,,x,,,,,,,0102,0103,,,,,,,,,,0401,,0501,,0503,,,,0702,,,,,
PA,PRICILA,"El Portal de Repositorios Institucionales de Ciencia, Tecnología e Innovación de Literatura Abierta (PRICILA) es el agregador nacional de repositorios de acceso abierto en Panamá, gestionado por la SENACyT.",http://pricila.senacyt.gob.pa/vufind/,abc@senacyt.gob.pa,"0102,0401,0501,0702",,Datos abiertos de investigación ,,,,,,,,,,,Virtuales,,Evaluación abierta de la ciencia,,,,,,x,,,,,,,0102,,,,,,,,,,,0401,,0501,,,,,,0702,,,,,
PA,Repositorio Nacional de Datos de Investigación,"En 2022, Panamá ha desarrolló un repositorio nacional de datos de investigación.",,,"0102,0201,0401,0502,0503,0702",,Datos abiertos de investigación ,,,,Ciencia ciudadana,,,,,,,Virtuales,,,Innovación abierta,Investigación abierta y reproducible,,,,x,,,,,,,0102,,,,0201,,,,,,,0401,,,0502,0503,,,,0702,,,,,
PA,Sistema Nacional de Investigación (SNI),"El Sistema Nacional de Investigación (SNI) evalúa y reconoce el mérito y la dedicación a las labores de investigación y desarrollo tecnológico en Panamá, ofreciendo incentivos económicos y distinciones a la calidad y producción de la investigación.",https://sni.senacyt.gob.pa,info@senacyt.gob.pa,"0101,0501,0502,0704",Producción científica,,,,,,,,,,,,,,Evaluación abierta de la ciencia,Innovación abierta,,,,,,,x,,,,0101,,,,,,,,,,,,,,0501,0502,,,,,,,0704,,,
PA,LA Referencia,"País socio del proyecto LA Referencia, ha generado iniciativas y proyectos nacionales en temas de Acceso Abierto, entre los que se pueden resumir: la creación del Repositorio Nacional de Publicaciones (PRICILA), implementación de un sistema nacional CRIS, repositorio nacional de datos de investigación, entre otros.",https://www.lareferencia.info/es/nodos/panama,abc@senacyt.gob.pa,"0101,0102,0401,0701,0705",Producción científica,Datos abiertos de investigación,,,,,,,,,,,Virtuales,,,,,,,x,,,,x,,,0101,0102,,,,,,,,,,,0401,,,,,,,0701,,,,0705,,
PA,"Plan Estratégico Nacional de Ciencia, Tecnología e Innovación (PENCYT)","El Plan Estratégico Nacional de Ciencia, Tecnología e Innovación (PENCYT) tiene como función principal definir las acciones estratégicas que deben llevarse a cabo en el ámbito de la investigación, la tecnología y la innovación en Panamá. El PENCYT se alinea con las prioridades del gobierno y busca contribuir a la transformación del país hacia un Estado moderno y competitivo. El plan se ejecuta a lo largo de un período quinquenal y se adapta a las demandas cambiantes y a la disponibilidad de recursos financieros.",https://www.senacyt.gob.pa/pencyt-2019-2024/,info@senacyt.gob.pa,"0201,0202,0203,0502,0702,0705",,,,,,Ciencia ciudadana,Financiación colectiva,Producción colectiva,,,,,,,,Innovación abierta,,,,,x,,,x,,,,,,,,0201,0202,0203,,,,,,,,0502,,,,,0702,,,0705,,
SV,Políticas de Acceso Abierto en Universidades,"El Salvador no tiene una política nacional de acceso abierto, pero cuenta con políticas institucionales dentro del sector universitario.",,,"0602,0704",,,,,,,,,,,,,,,,,,,Cuerpos Normativos Institucionales ,,,,X,,,,,,,,,,,,,,,,,,,,,,0602,,,,0704,,,
SV,El Consorcio de Bibliotecas Universitarias (CBUES),El Consorcio de Bibliotecas Universitarias de El Salvador (CBUES) se creó en 2011 para gestionar la compra consorciada de recursos digitales y avanzar hacia una prestación de servicios bibliotecarios colaborativa en el entorno digital. CBUES tiene una política de acceso abierto en la que recomienda a las instituciones miembros que elaboren sus propios mandatos para el depósito de documentos en repositorios de acceso abierto.,https://cbues.org.sv,oficina.tecnica@cbues.org.sv,"0102,0202,0401,0502,0702,0704,0706",,Datos abiertos de investigación,,,,,Financiación colectiva,,,,,,Virtuales,,,Innovación Abierta,,,,,X,,X,,X,,,0102,,,,,0202,,,,,,0401,,,0502,,,,,0702,,0704,,0706,
SV,Impulso a Repositorios de Acceso Abierto,"El Salvador ha impulsado los repositorios de acceso abierto a través del Consorcio de Bibliotecas Universitarias de El Salvador (CBUES), responsable del Repositorio Digital de Ciencia y Cultura de El Salvador (REDICCES), y del agregador nacional de repositorios de acceso abierto, ACCES.",http://www.redicces.org.sv/jspui/handle/10972/1762     y       http://www.acces.org.sv/vufind/Content/about,,"0102,0401,0503,0702,0706",,Datos abiertos de investigación,,,,,,,,,,,Virtuales,,,,Investigación abierta y reproducible,,,,X,,,,X,,,0102,,,,,,,,,,,0401,,,,0503,,,,0702,,,,0706,
SV,ONICYT,"ONICYT se encarga de diseñar indicadores sobre ciencia y tecnología, recoger y analizar información necesaria para tomar decisiones públicas, y llevar a cabo estudios de prospectiva.",,,"0501,0502,0705,0706",,,,,,,,,,,,,,,Evaluación abierta de la ciencia,Innovación abierta,,,,,,,,X,X,,,,,,,,,,,,,,,,0501,0502,,,,,,,,0705,0706,
SV,Repositorios Universitarios,Hay un total de 7 universidades que cuentan con un repositorio institucional de acceso abierto.,https://ri.ues.edu.sv,,"0101,0102,0103,0401,0503,0702,0706",Producción científica,Datos abiertos de investigación ,Recursos Educativos Abiertos,,,,,,,,,,Virtuales,,,,Investigación abierta y reproducible,,,,X,,,,X,,0101,0102,0103,,,,,,,,,,0401,,,,0503,,,,0702,,,,0706,
SV,Mesa Nacional de Investigación de Educación Superior (MNIES),"MINED creó la Mesa Nacional de Investigación de Educación Superior (MNIES), cuya función es la coordinación de la producción y diseminación de los resultados del conocimiento científico procedentes de la educación superior.",https://www.mined.gob.sv/2021/12/13/mined-lanza-mesa-nacional-de-investigacion-en-educacion-superior/,educacion@mined.gob.sv,"0101,0103,0201,0501,0704,0706",Producción científica,,Recursos Educativos Abiertos,,,Ciencia ciudadana,,,,,,,,,Evaluación abierta de la ciencia,,,,,,,,X,,X,,0101,,0103,,,0201,,,,,,,,,0501,,,,,,,,0704,,0706,
SV,CONACyT,"El nuevo CONACyT es la entidad que realiza el seguimiento, evaluación y ejecución de la Política Nacional de Innovación, Ciencia y Tecnología y del Plan Nacional de Ciencia y Tecnología.",https://conacyt.gob.sv,oir@conacyt.gob.sv,"0101,0501,0502,0701",Producción científica,,,,,,,,,,,,,,Evaluación abierta de la ciencia,Innovación abierta,,,,X,,,,,,,0101,,,,,,,,,,,,,,0501,0502,,,,0701,,,,,,
SV,"Política Nacional de Innovación, Ciencia y Tecnología","La Política Nacional de Innovación, Ciencia y Tecnología tiene como objetivo fomentar y coordinar la investigación científica y tecnológica para contribuir al desarrollo sostenible y al bienestar social.",https://unctad.org/system/files/non-official-document/Politica%20ICT%20version%20digital.pdf,,"0101,0201,0501,0502,0704,0706",Producción científica,,,,,Ciencia ciudadana,,,,,,,,,Evaluación abierta de la ciencia,Innovación abierta,,,,,,,X,,X,,0101,,,,,0201,,,,,,,,,0501,0502,,,,,,,0704,,0706,
SV,Agenda Digital Nacional,La Agenda Digital Nacional 2020-2030 está compuesta por un conjunto de acciones que buscan integrar a todos los actores que participan en el desarrollo del país a través de la innovación y la aplicación de las TIC.,https://www.innovacion.gob.sv,,"0201,0401,0502,0703,0706",,,,,,Ciencia ciudadana,,,,,,,Virtuales,,,Innovación abierta,,,,,,X,,,X,,,,,,,0201,,,,,,,0401,,,0502,,,,,,0703,,,0706,
SV,Estrategia de I+D+i,"Existe una Estrategia de Investigación, Desarrollo e Innovación (I+D+i) en la que se espera que se incluya alguna mención específica al acceso abierto a contenidos científicos.",https://www.innovacion.gob.sv/innovacion.php,,"0101,0102,0704",Producción científica,Datos abiertos de investigación,,,,,,,,,,,,,,,,,,,,,X,,,,0101,0102,,,,,,,,,,,,,,,,,,,,,0704,,,
SV,Política Nacional de Popularización de la Ciencia y Tecnología,Se ha desarrollado una Política Nacional de Popularización de la Ciencia y Tecnología con el objetivo de divulgar la ciencia en todos los niveles de la sociedad.,https://www.transparencia.gob.sv/institutions/capres/documents/372512/download,,"0102,0103,0201,0301,0302,0303,0401,0503,0601,0704",,Datos abiertos de investigación,Recursos Educativos Abiertos,,,Ciencia ciudadana,,,,Pueblos indígenas,Investigadores marginados,Comunidades locales ,Virtuales,,,,Investigación abierta y reproducible,Cuerpos Normativos Nacionales ,,,,,X,,,,,0102,0103,,,0201,,,,0301,0302,0303,0401,,,,0503,0601,,,,,0704,,,
SV,LA Referencia,"Este país ha generado recientemente iniciativas dirigidas al desarrollo de repositorios digitales, constituyendo un gran avance la creación del Consorcio de Bibliotecas Universitarias de El Salvador - CBUES -, el cual reúne a las bibliotecas de nueve universidades salvadoreñas y a la Biblioteca Nacional con el fin de estimular el tema de Acceso Abierto en forma colectiva.

",https://www.lareferencia.info/es/nodos/el-salvador,cbues.org.sv,"0102,0103,0201,0401,0503,0702,0704,0706",,Datos abiertos de investigación,Recursos Educativos Abiertos,,,Ciencia ciudadana,,,,,,,Virtuales,,,,Investigación abierta y reproducible,,,,X,,X,,X,,,0102,0103,,,0201,,,,,,,0401,,,,0503,,,,0702,,0704,,0706,
,,,,,,,,,,,,,,,,,,,,,,,,,,,,,,,,,,,,,,,,,,,,,,,,,,,,,,,,,
,,,,,,,,,,,,,,,,,,,,,,,,,,,,,,,,,,,,,,,,,,,,,,,,,,,,,,,,,
,Crear un entorno normativo propicio para la ciencia abierta;,,A,,,,,,,,,,,,,,,,,,,,,,,,,,,,,,,,,,,,,,,,,,,,,,,,,,,,,,
,Invertir en infraestructuras y servicios de ciencia abierta;,,B,,,,,,,,,,,,,,,,,,,,,,,,,,,,,,,,,,,,,,,,,,,,,,,,,,,,,,
,"Invertir en recursos humanos, formación, educación, alfabetización digital y desarrollo de capacidades para la ciencia abierta;",,C,,,,,,,,,,,,,,,,,,,,,,,,,,,,,,,,,,,,,,,,,,,,,,,,,,,,,,
,Fomentar una cultura de la ciencia abierta y armonizar los incentivos en favor de la ciencia abierta;,,D,,,,,,,,,,,,,,,,,,,,,,,,,,,,,,,,,,,,,,,,,,,,,,,,,,,,,,
,"promover la cooperación internacional y multipartita en el contexto de la ciencia abierta y con miras a reducir las brechas digital, tecnológica y de conocimientos.",,E,,,,,,,,,,,,,,,,,,,,,,,,,,,,,,,,,,,,,,,,,,,,,,,,,,,,,,
,Otros,,F,,,,,,,,,,,,,,,,,,,,,,,,,,,,,,,,,,,,,,,,,,,,,,,,,,,,,,