,,,,,,0101,0102,0103,0104,0105,0201,0202,0203,0204,0301,0302,0303,0304,0305,0401,0402,0403,0501,0502,0601,0602,0603,0604,0605,0606,,,,,,,,,,,,,,,,,,,,,,,,,,
DATOS DE LA ACCIÓN,,,,,,Conocimiento científico abierto,,,,,"Participación abierta de los agentes sociales 
",,,,Diálogos abiertos con otros sistemas de conocimiento,,,Infraestructuras de la ciencia abierta,,DIMENSIONES NO UNESCO,,,Cuerpos Normativos,,OBJETIVOS UNESCO,,,,,,,,,,,,,,,,,,,,,,,,,,,,,,,
CODIGO,Nombre de la iniciativa,Función de la iniciativa,WEB,CONTACTO,SUBDISCIPLINES,Producción científica,Datos abiertos de investigación,Recursos Educativos Abiertos,Programas informáticos de código abierto y código fuente abierto,Equipos informáticos de código abierto,Ciencia Ciudadana,Financiación Colectiva,Producción Colectiva,Voluntariado Científico,Pueblos Indígenas,Investigadores Marginados,Comunidades Locales,Virtuales,Fisicas,Evaluación abierta de la Ciencia,Innovación Abierta,Investigación abierta y reproducible,Nacionales,Institucionales,A,B,C,D,E,F,,,,,,,,,,,,,,,,,,,,,,,,,,
AR,Base de Datos Unificada (BDU),La BDU es un explorador que reúne los recursos de información que poseen las bibliotecas y centros de investigación argentinos y brinda acceso al texto completo de los objetos digitales depositados.,https://bdu.siu.edu.ar/,https://bdu.siu.edu.ar/contacto,0101,x,,,,,,,,,,,,,,,,,,,,,,,,,,0101,,,,,,,,,,,,,,,,,,,,,,,,
AR,CVar,"Es un registro unificado y normalizado de los datos curriculares del personal investigador en Argentina, lo que implica que se está recopilando y poniendo a disposición datos de investigación en un formato estandarizado y accesible públicamente. Además, se indica que sirve como herramienta para concurrir a las convocatorias públicas de proyectos de I+D+i, lo que sugiere que los datos recopilados podrían ser utilizados por otros investigadores en el desarrollo de sus propios proyectos de investigación.",http://cvar.sicytar.mincyt.gob.ar/auth/index.jsp,consultacvar@mincyt.gob.ar,0102,,x,,,,,,,,,,,,,,,,,,,,,,,,,,0102,,,,,,,,,,,,,,,,,,,,,,,
AR,Sistema Nacional de Repositorios Digitales,"Infraestructura tecnológica que permite el acceso abierto a la investigación. Este sistema establece directrices y políticas para el acceso abierto a la investigación, y financia la construcción, el desarrollo y el mantenimiento de los repositorios de acceso abierto.",https://repositoriosdigitales.mincyt.gob.ar/vufind/,repositorios@mincyt.gob.ar,0104,,,,x,,,,,,,,,,,,,,,,,,,,,,,,,,0104,,,,,,,,,,,,,,,,,,,,,
AR,La Biblioteca Electrónica de Ciencia y Tecnología,"Su objetivo es proporcionar las licencias de acceso on-line a recursos científicos: revistas, bases de datos de referencias bibliográficas, libros, ponencias a congresos, etc. Cuenta con una partida propia dentro del presupuesto nacional.",https://biblioteca.mincyt.gob.ar/,biblioteca@mincyt.gob.ar,0104,,,,x,,,,,,,,,,,,,,,,,,,,,,,,,,0104,,,,,,,,,,,,,,,,,,,,,
AR,Centro Argentino de Información Científica y Tecnológica (CAICYT),"Instituto de investigación que se dedica a la gestión de información científica y al apoyo a la edición académica. Además, se mencionan temas como la articulación interinstitucional de iniciativas relacionadas con el acceso abierto a la comunicación científica y las infraestructuras de la información. ",http://www.caicyt-conicet.gov.ar/,secretaria-caicyt@conicet.gov.ar,0105,,,,,x,,,,,,,,,,,,,,,,,,,,,,,,,,0105,,,,,,,,,,,,,,,,,,,,
AR,Sistema de Información de Ciencia y Tecnología Argentino (SICYTAR),"Plataforma digital que permite el acceso a información de interés público en ciencia, tecnología e innovación en el país",http://www.sicytar.mincyt.gob.ar/,http://www.sicytar.mincyt.gob.ar/#/contacto,0104,,,,x,,,,,,,,,,,,,,,,,,,,,,,,,,0104,,,,,,,,,,,,,,,,,,,,,
AR,Programa Nacional Ciencia Ciudadana,"Impulsa la participación comunitaria en iniciativas de ciencia ciudadana para generar insumos para la política pública, poner en valor prácticas abiertas y colaborativas de co-construcción de conocimiento que aportan evidencia para la resolución de problemas sociales y contribuir al desarrollo de vocaciones científicas tempranas",https://www.argentina.gob.ar/sites/default/files/rs-if_programa_nacional_de_ciencia_ciudadana.pdf,,0201,,,,,,x,,,,,,,,,,,,,,,,,,,,,,,,,,0201,,,,,,,,,,,,,,,,,,,
AR,Comité Asesor en Ciencia Abierta y Ciudadana,,https://www.argentina.gob.ar/ciencia/comite-ciencia-abierta,comite.cac@mincyt.gob.ar,0201,,,,,,x,,,,,,,,,,,,,,,,,,,,,,,,,,0201,,,,,,,,,,,,,,,,,,,
AR,Informe “Diagnóstico y lineamientos para una política de Ciencia Abierta en Argentina”,"Incluye un diagnóstico de la implementación de la Ley 26.899 de “Creación de Repositorios de Acceso Abierto, propios o compartidos”, para potenciar la apertura de la ciencia argentina en el marco del Plan Nacional CTI 2030 y la Ley 27.614 de Financiamiento del Sistema Nacional de Ciencia, Tecnología e Innovación",https://back.argentina.gob.ar/ciencia/comite-ciencia-abierta/diagnostico-y-lineamientos?tca=o_7_luAtOovYYM-ryWPbcWG2qoBOTf1oJ4tLzLpgkQw https://back.argentina.gob.ar/sites/default/files/2023/01/documento_final_comite_cayc_-_dic_22.pdf,sssypd@jefatura.gob.ar,0401,,,,,,,,,,,,,,,x,,,,,,,,,,,,,,,,,,,,,,,,,,0401,,,,,,,,,,
AR,Programa de Evaluación Institucional (PEI): ,"Programa encargado de evaluar la calidad y desempeño de las instituciones pertenecientes al Sistema Nacional de Ciencia, Tecnología e Innovación. Además, el programa incluye la autoevaluación, evaluación externa y plan de mejora, y brinda apoyo técnico y financiero a las instituciones en todo el proceso.",https://www.argentina.gob.ar/ciencia/pei,falecom@consecti.org.br,0401,,,,,,,,,,,,,,,x,,,,,,,,,,,,,,,,,,,,,,,,,,0401,,,,,,,,,,
AR,El Núcleo Básico de Revistas Científicas Argentinas (NBR),"Servicio de evaluación de publicaciones académicas nacionales, cuyos parámetros de evaluación responden a criterios internacionales de calidad científica y editorial y están establecidos en la Resolución 1640/05 de CONICET.",http://www.caicyt-conicet.gov.ar/sitio/comunicacion-cientifica/nucleo-basico/,nucleobasico-caicyt@conicet.gov.ar,0401,,,,,,,,,,,,,,,x,,,,,,,,,,,,,,,,,,,,,,,,,,0401,,,,,,,,,,
AR,"Agencia Nacional de Promoción de la Investigación, el Desarrollo Tecnológico y la Innovación (Agencia I+D+i)","Brinda fondos a proyectos de investigación científica y tecnológica, así como de innovación, con el objetivo de generar conocimiento y mejorar el sistema productivo. Además, estos fondos están destinados a apoyar tanto proyectos de investigación básica y aplicada como actividades de generación de nuevos conocimientos científicos, tecnológicos e innovativos realizados por investigadores de instituciones públicas y privadas sin fines de lucro, lo que refuerza su compromiso con la investigación abierta y reproducible. ",https://www.argentina.gob.ar/ciencia/agencia/fondo-para-la-investigacion-cientifica-y-tecnologica-foncyt                 ,foncyt@mincyt.gob.ar,0403,,,,,,,,,,,,,,,,,x,,,,,,,,,,,,,,,,,,,,,,,,,,0403,,,,,,,,
AR,LA Referencia ,"País socio de LA Referencia, ha generado iniciativas nacionales en el tema de Repositorios y Acceso Abierto, entre los que se destacan: el Sistema Nacional de Repositorios Digitales en Ciencia y Tecnología y la Ley para el Acceso Abierto. Es signatario de los principales acuerdos de LA Referencia.",https://www.lareferencia.info/es/nodos/argentina,repositorios@mincyt.gob.ar,,,,,,,,,,,,,,,,,,,,,,,,,,,,,,,,,,,,,,,,,,,,,,,,,,,,
AR,"Ley de la Ciencia, tecnología e innovación (25.467) de 2001","Regula los órganos políticos de asesoramiento, planificación, articulación, ejecución y evaluación del sistema CTI argentino en los distintos niveles administrativos, su composición y sus atribuciones.  ",,,,,,,,,,,,,,,,,,,,,,,,,,,,,,,,,,,,,,,,,,,,,,,,,,,,,,
AR,Ley sobre repositorios digitales institucionales de acceso abierto (26.899) de 2013,Establece obligaciones para las instituciones y para el personal investigador. El Sistema Nacional de Repositorios Digitales (SNRD) es la entidad respinsable de velar por el  cumplimiento de esta Ley.,https://repositoriosdigitales.mincyt.gob.ar/files/Boletin_Oficial_Ley_26899.pdf  ,,,,,,,,,,,,,,,,,,,,,,,,,,,,,,,,,,,,,,,,,,,,,,,,,,,,,
AR,"Plan Nacional de Ciencia, Tecnología e Innovación (PNCTI)","Instrumento central de la política de ciencia y tecnología que define, organiza y comunica el conjunto de políticas, estrategias e instrumentos a todos los actores y agentes públicos y privados que integran el Sistema Nacional de Ciencia, Tecnología e Innovación. Además, actualmente que se está elaborando un nuevo Plan Nacional de Ciencia, Tecnología e Innovación 2030 que cuenta con un borrador publicado en la web en septiembre del año 2020.",https://www.argentina.gob.ar/sites/default/files/pai2020.pdf,,,,,,,,,,,,,,,,,,,,,,,,,,,,,,,,,,,,,,,,,,,,,,,,,,,,,
AR,"Ministerio de Ciencia, Tecnología e Innovación (MINCyT)","Órgano de máximo nivel definido en la Ley, responsable de definir las políticas de CTI, financiar la actividad investigadora, proveer de las infraestructuras necesarias para su desarrollo, promover la relación entre los sistemas académico y productivo y divulgar el conocimiento.",https://www.argentina.gob.ar/ciencia,,,,,,,,,,,,,,,,,,,,,,,,,,,,,,,,,,,,,,,,,,,,,,,,,,,,,
BR,Directorio de Revistas Científicas,Busca impulsar mejoras en la calidad mediante una comisión de CA que define los indicadores necesarios.,https://www.redalyc.org/pais.oa?id=21,redalyc@redalyc.org,"0101,0602,0604",x,,,,,,,,,,,,,,,,,,,,x,,x,,,,0101,,,,,,,,,,,,,,,,,,,,0602,,0604,,
BR,Proyecto BrCRIS,"Un agregador de datos CRIS nacional. Es un desarrollo conjunto entre el IBICT y LA Referencia, basado en la plataforma de agregación LA Referencia. Se ha creado una plataforma con un modelo flexible que luego puede ser adoptado por cualquier país de la red. (Perú y Panamá ya están avanzando en sus propios proyectos nacionales).",https://brcris.ibict.br,https://brcris.ibict.br/contact,"0104,0602",,,,x,,,,,,,,,,,,,,,,,x,,,,,,,,,0104,,,,,,,,,,,,,,,,,0602,,,,
BR,Conformación del nodo RDA,"Tiene como objetivo “Establecer mecanismos de gobernanza de datos científicos para avanzar en la Ciencia Abierta en Brasil”. También, destacar la instrumentalidad de la RDA y las herramientas digitales que ofrece para la implementación y sostenibilidad de la red interinstitucional de Ciencia Abierta.",https://www.rd-alliance.org/groups/rda-brazil,https://www.rd-alliance.org/contact,"0102,0601,0602",,x,,,,,,,,,,,,,,,,,,x,x,,,,,,,0102,,,,,,,,,,,,,,,,,,0601,0602,,,,
BR,Red Brasileña de Repositorios Digitales,"Portal que reúne la producción cienítifica de Brasil, mediante el almacenamiento ordenado de los recursos digitales, para que puedan ser consultados.",https://www.arca.fiocruz.br/handle/icict/54766,https://www.arca.fiocruz.br/handle/icict/page/faleconosco,"0104,0602",,,,x,,,,,,,,,,,,,,,,,x,,,,,,,,,0104,,,,,,,,,,,,,,,,,0602,,,,
BR,Repositorio de Datos IBICT,"Bases de datos en línea que reúnen de manera organizada la producción científica de una institución o área temática; almacenan archivos de diferentes formatos. Además, redundan en una serie de beneficios tanto para los investigadores como para las instituciones o sociedades científicas, proporcionando una mayor visibilidad a los resultados de la investigación y permitiendo la preservación de la memoria científica de su institución.",https://dados.ibict.br/es/,,"0104,0602",,,,x,,,,,,,,,,,,,,,,,x,,,,,,,,,0104,,,,,,,,,,,,,,,,,0602,,,,
BR,Rede Carianiana,Red de servicios de preservación digital de datos de investigación.,https://cariniana.ibict.br/, cariniana@ibict.br,"0104,0606",,,,x,,,,,,,,,,,,,,,,,,,,,x,,,,,0104,,,,,,,,,,,,,,,,,,,,,0606
BR,"Biblioteca Electrónica en Línea Cientíca, SciELO",Plataforma de servicios que permite la publicación de revistas y editoriales en acceso abierto y que funciona como un agregador de metadatos y textos completos de revistas de alta calidad. ,https://www.scielo.br/,scielo@scielo.org,"0104,0601,0604",,,,x,,,,,,,,,,,,,,,,x,,,x,,,,,,,0104,,,,,,,,,,,,,,,,0601,,,0604,,
BR,Plataforma Digital Lattes,"Integra bases de currículos, grupos de investigación e instituciones de financiación, universidades e institutos de investigación. ",https://www.lattes.cnpq.br/,atendimento@cnpq.br,"0104,0604",,,,x,,,,,,,,,,,,,,,,,,,x,,,,,,,0104,,,,,,,,,,,,,,,,,,,0604,,
BR,Repositorio Nacional ALICIA (Acceso Libre a la Información Científica),Es el agregado nacional de Perú que centraliza toda la información digital resultado de la producción en CTI generada con fondos públicos o financiadas por el Estado,https://alicia.concytec.gob.pe/,alicia@concytec.gob.pe,"0104,0605",,,,x,,,,,,,,,,,,,,,,,,,,x,,,,,,0104,,,,,,,,,,,,,,,,,,,,0605,
BR,Repositorio Institucional de Concytec,Repositorio creado para albergar y permitir el libre acceso a la producción científica institucional del Concytec.,https://repositorio.concytec.gob.pe/,repositorio@concytec.gob.pe,"0104,0601",,,,x,,,,,,,,,,,,,,,,x,,,,,,,,,,0104,,,,,,,,,,,,,,,,0601,,,,,
BR,Iniciativa para Gobierno Abierto (Compromiso de Open Government Partnership),Dentro de sus compromisos se incluyó el tema de la Ciencia Abierta con propuestas de nuevas formas de evaluación,https://www.opengovpartnership.org/es/,info@opengovpartnership.org,"0401,0603",,,,,,,,,,,,,,,x,,,,,,,x,,,,,,,,,,,,,,,,,,,0401,,,,,,,0603,,,
BR,Convocatorioas de evaluación del Sistema Nacional de Postgrado de la Coodenacao de Aperfeicoamento de Pessoal de Nivel Superior (Capes),Gestiona convocatorias regulares de evaluación,https://www.gov.br/capes/pt-br,faleconosco@capes.gov.br,"0401,0603",,,,,,,,,,,,,,,x,,,,,,,x,,,,,,,,,,,,,,,,,,,0401,,,,,,,0603,,,
BR,"Ministério da Ciência, Tecnologia e Inovações","Es responsable de diseñar las políticas nacionales de CTI y de coordinar políticas sectoriales de determinados ámbitos. También es responsable de la planificación, coordinación, supervisión y control de las actividades de CTI, y de su coordinación con los gobiernos de los estados, del distrito federal y de los municipios, con la sociedad y con otros órganos del gobierno federal.",https://www.gov.br/mcti/pt-br,https://falabr.cgu.gov.br/publico/Manifestacao/SelecionarTipoManifestacao,"0402,0601",,,,,,,,,,,,,,,,x,,,,x,,,,,,,,,,,,,,,,,,,,,,0402,,,,0601,,,,,
BR,"Conselho Nacional de Secretários Estaduais para Assuntos de Ciência, Tecnologia e Inovação (Consecti)",Reúne a todas las Secretarías de Estado de CTI del país para coordinar sus actuaciones,https://www.consecti.org.br/,falecom@consecti.org.br,"0402,0601",,,,,,,,,,,,,,,,x,,,,x,,,,,,,,,,,,,,,,,,,,,,0402,,,,0601,,,,,
BR,"Estratégia Nacional de Ciência, Tecnologia e Inovação",Se publica cada cuatro años. Actualmente está vigente la correspondiente al periodo 2016-2022. Este documento recoge las directrices sobre las que se asienta la política nacional de CTI,https://bibliotecadigital.economia.gov.br/handle/123456789/990,biblioteca@economia.gov.br,"0402,0601,0605",,,,,,,,,,,,,,,,x,,,,x,,,,x,,,,,,,,,,,,,,,,,,0402,,,,0601,,,,0605,
BR,Miguilim,"El Directorio de revistas científicas electrónicas brasileñas (Miguilim) es una iniciativa del Instituto Brasileño de Información en Ciencia y Tecnología (Ibict) creada con el objetivo de agregar, en un solo lugar, informaciones sobre revistas científicas editadas y publicadas en Brasil que fueron encontradas dispersos en diferentes plataformas.",https://miguilim.ibict.br/static/pages/miguilim.jsp,miguilim@ibict.br,"0101,0602,0604",x,,,,,,,,,,,,,,,,,,,,x,,x,,,,0101,,,,,,,,,,,,,,,,,,,,0602,,0604,,
BR,Diadorim,Directorio de políticas editoriales de revistas científicas brasileñas. En este los editores informan que conceden permisos para el acceso y uso de los artículos publicados. Colabora a los administradores de bases de datos para saber qué pueden o no almacenar sin tener problemas con los derechos de autores.,https://diadorim.ibict.br/,https://diadorim.ibict.br/,"0104,0602",,,,x,,,,,,,,,,,,,,,,,x,,,,,,,,,0104,,,,,,,,,,,,,,,,,0602,,,,
BR,Manuelzao,,https://manuelzao.ufmg.br/,manuelzao@manuelzao.ufmg.br,,,,,,,,,,,,,,,,,,,,,,,,,,,,,,,,,,,,,,,,,,,,,,,,,,,,
BR,LA Referencia ,"País socio de LA Referencia, ha generado iniciativas nacionales en el tema de Repositorios y Acceso Abierto. Es signatario de los principales acuerdos de LA Referencia.",https://www.lareferencia.info/es/nodos/brasil,oasisbr@ibict.br,"0101,0304,0601,0603,0605",x,,,,,,,,,,,,x,,,,,,,x,,x,,x,,,0101,,,,,,,,,,,,0304,,,,,,,0601,,0603,,0605,
 CO,Diagnostico del repositorio a instituciones,Vinculadas con la entrega de tres documentos 1) Evaluación de repositorios de investigación (visibilidad y políticas) 2) Calidad de Metadatos de repositorios de investigación y 3) cumplimiento de directrices de LA Referencia de repositorios de investigación. Esperan poder entregarles la versión DSPACE estándar. Los institutos pequeños van a ser albergados en el repositorio de MINCIENCIAS.,https://repositorio.uptc.edu.co/,portalweb@uptc.edu.co,"0101,0602",x,,,,,,,,,,,,,,,,,,,,x,,,,,,0101,,,,,,,,,,,,,,,,,,,,0602,,,,
 CO,"SNCTI en la gestión y recuperación de la información científica, Ciencia Abierta, Apropiación Social del Conocimiento, el Acceso Abierto y la Propiedad intelectual","Fortalecimiento de las capacidades de los actores del SNCTI en la gestión y recuperación de la información científica, Ciencia Abierta, Apropiación Social del Conocimiento, el Acceso Abierto y la Propiedad intelectual",https://legadoweb.minciencias.gov.co/programas_estrategias,contacto@colciencias.gov.co,"0101,0603",x,,,,,,,,,,,,,,,,,,,,,x,,,,,0101,,,,,,,,,,,,,,,,,,,,,0603,,,
 CO,Encuentro Red Colombiana de Información Científica,"Con el objetivo de dar a conocer las acciones, avances y proyectos enmarcados en el acceso a la información científica con el fin de promover la implementación de la Ciencia Abierta como una forma de posibilitar la innovación, democratización y mundialización del conocimiento para su uso y apropiación en beneficio de la sociedad y la ciencia.",https://encuentrosredcol.minciencias.gov.co/,atencionalciudadano@minciencias.gov.co,"0101,0604",x,,,,,,,,,,,,,,,,,,,,,,x,,,,0101,,,,,,,,,,,,,,,,,,,,,,0604,,
 CO,Directrices de Metadatos para Repositorios de Datos de Investigación junto con los documentos conceptuales,"Incluye los siguientes datos: 1) Definiciones y Conceptos Básicos de Datos de Investigación, 2) Diseño de un Plan de Gestión de Datos de Investigación (PGDI) y 3) Principios FAIR (JUSTOS) y recomendaciones de aplicación . ",https://red-documentacion.minciencias.gov.co/Gestion_Datos_Investigacion/DirectricesMetadatos,,"0102,0603,0605",,x,,,,,,,,,,,,,,,,,,,,x,,x,,,,0102,,,,,,,,,,,,,,,,,,,,0603,,0605,
 CO,Construcción de las Directrices para repositorios de investigación de Minciencias,Para normalizar y fortalecer los repositorios institucionales del país.,https://redcol.minciencias.gov.co/vufind/Content/directrices,atencionalciudadano@minciencias.gov.co,"0104,0602",,,,x,,,,,,,,,,,,,,,,,x,,,,,,,,,0104,,,,,,,,,,,,,,,,,0602,,,,
 CO,Se construyó el Repositorio de Datos de Investigación de Minciencias el Software libre Dataverse ,Gestionar y recuperar los datos de investigación de las investigaciones financiadas con recursos públicos,https://minciencias.gov.co/sites/default/files/upload/noticias/guia_gestion_de_datos_redcolombianadeic_1.pdf,atencionalciudadano@minciencias.gov.co,"0104,0602,0604",,,,x,,,,,,,,,,,,,,,,,x,,x,,,,,,,0104,,,,,,,,,,,,,,,,,0602,,0604,,
 CO,Fortalecimiento de los servicios de la Red,"Se realiza la construcción de Guías Metodológicas dirigidas a los investigadores, Portal de Vocabularios semánticos (Multi Tesauro) en SKOS, Plugin para la migración automática de OJS a DSPACE y Portal de documentación y guías de la Red.",https://minciencias.gov.co/sites/default/files/upload/noticias/mediciondegrupos-actene2015.pdf,,"0102,0602,0604",,x,,,,,,,,,,,,,,,,,,,x,,x,,,,,0102,,,,,,,,,,,,,,,,,,,0602,,0604,,
 CO,Preservación Digital del Patrimonio del Conocimiento Científico Colombiano,"1) Se realizó el seminario “Colombia – Brasil de Preservación Digital” el cual contó con representantes de ambos países. 2) Se construyó el documento preliminar de Lineamientos de Preservación del Patrimonio del Conocimiento Científico Colombiano a partir de la revisión de antecedentes y marco conceptual, así como también se realizó la mesa de expertos para validar el documento preliminar de lineamientos con la participación de 10 expertos nacionales e internacionales. 3) En el marco del 2do encuentro virtual Red Colombiana de Información Científica se realizó el día 17 de noviembre de manera virtual, la charla-taller de “Introducción a los Lineamientos de Preservación del Patrimonio del Conocimiento Científico Colombiano” la cual contó con la participación de 61 asistentes. 4) Para articular las iniciativas se avanza en el Memorando de Entendimiento entre Minciencias y el IBICT con el objeto de acompañar el desarrollo de la Red de Preservación de Colombia",https://www.archivogeneral.gov.co/caja_de_herramientas/docs/6.%20preservacion/DOCUMENTOS%20TECNICOS/FUNDAMENTOS%20PRESERVACION%20DIGITAL%20LARGO%20PLAZO.pdf,contacto@archivogeneral.gov.co,"0105,0601",,,,,x,,,,,,,,,,,,,,,x,,,,,,,,,,,0105,,,,,,,,,,,,,,,0601,,,,,
 CO,Utilización de la plataforma InstituLAC para registrar la información de las instituciones de ejecución de la investigación por parte de los agentes de ejecución de la actividad de CTI,La plataforma se utiliza para acceder a ayudas públicas y servicios de acreditación ,https://scienti.minciencias.gov.co/institulac2-war/,atencionalciudadano@minciencias.gov.co,"0105,0604,0605",,,,,x,,,,,,,,,,,,,,,,,,x,x,,,,,,,0105,,,,,,,,,,,,,,,,,,0604,0605,
 CO,Comité Consultivo Nacional,"Conformado por el Minciencias, la Organización Panamericana de la Salud-Representación Colombia y la Universidad Nacional de Colombia, entre otros.",https://www.bvscolombia.org/ccn/,bvscolombia@fucsalud.edu.co,"0401,0601,0604",,,,,,,,,,,,,,,x,,,,,x,,,x,,,,,,,,,,,,,,,,,,0401,,,,,0601,,,0604,,
 CO,CvLAC,"Es el registro permanente de currículos del personal investigador en Colombia, que sirve como herramienta de comunicación de méritos y permite incrementar la visibilidad nacional e internacional del personal investigador. Es una herramienta útil para optar a convocatorias públicas y para la selección de evaluadores por pares de instituciones de educación superior, investigación y de innovación",https://scienti.minciencias.gov.co/cvlac/Login/pre_s_login.do,atencionalciudadano@minciencias.gov.co,"0102,0605",,x,,,,,,,,,,,,,,,,,,,,,,x,,,,0102,,,,,,,,,,,,,,,,,,,,,,0605,
 CO,Política Nacional de Ciencia Abierta 2022-2031,"Se proponen componentes fundamentales el Conocimiento científico abierto, Infraestructuras abiertas, Apropiación Social de la Ciencia, Tecnología e Innovación y la Comunicación abierta que deben estar acompañados de estrategias de formación, propiedad intelectual, incentivos, métricas alternativas y evaluación abierta con un cambio cultural centrado en la apertura del proceso científico, apoyado en principios y valores tales como apertura, participación, diálogo de saberes y conocimientos, universalidad, integralidad, colaboración y transparencia.","https://minciencias.gov.co/sala_de_prensa/politica-nacional-ciencia-abierta-2022-2031-una-realidad-en-colombia#:~:text=El%20ministro%20de%20Ciencia%2C%20Tecnolog%C3%ADa,de%20innovaci%C3%B3n%20en%20el%20pa%C3%ADs.          https://minciencias.gov.co/pdf/pdfreader?url=https://minciencias.gov.co/sites/default/files/politica_nacional_de_ciencia_abierta_-2022_-_version_aprobada.pdf",atencionalciudadano@minciencias.gov.co,"0401,0603",,,,,,,,,,,,,,,x,,,,,,,x,,,,,,,,,,,,,,,,,,,0401,,,,,,,0603,,,
 CO, Lineamientos para fomentar la cultura de gestión y apertura de las publicaciones científicas ,Se formularon los Lineamientos para fomentar la cultura de gestión y apertura de las publicaciones científicas y los Lineamientos para fomentar la cultura de gestión y apertura de datos de investigación (2022),https://minciencias.gov.co/sites/default/files/upload/noticias/lineamientos_para_fomentar_la_cultura_de_gestion_y_apertura_de_datos_de_investigacion.pdf,falta contacto,"0102,0601,0604",,x,,,,,,,,,,,,,,,,,,x,,,x,,,,,0102,,,,,,,,,,,,,,,,,,0601,,,0604,,
 CO,Se está trabajando en la política de conocimientos ancestrales. Política interministerial.,,falta web,,0501,,,,,,,,,,,,,,,,,,x,,,,,,,,,,,,,,,,,,,,,,,,,,0501,,,,,,,
 CO,El marco legal de la gobernanza del sistema colombiano de CTI está compuesto por la Ley 2.162 y el Decreto 1.666. ,,falta web,,0501,,,,,,,,,,,,,,,,,,x,,,,,,,,,,,,,,,,,,,,,,,,,,0501,,,,,,,
 CO,"Ministerio de Ciencia, Tecnología e Innovación",Es el órgano responsable de la política de CTI.,https://www.micitt.go.cr/,micitt@micitt.go.cr,"0501,0601,0604",,,,,,,,,,,,,,,,,,x,,x,,,x,,,,,,,,,,,,,,,,,,,,,0501,,0601,,,0604,,
 CO,"Consejos Departamentales de Ciencia, Tecnología e Innovación (CODECTI) ","Coordinan las estrategias de CTI a nivel regional. 
",https://sitio.narino.gov.co/codecti/,contactenos@narino.gov.co,"0501,0602",,,,,,,,,,,,,,,,,,x,,,x,,,,,,,,,,,,,,,,,,,,,,,0501,,,0602,,,,
 CO,Política Nacional de CTI 2021-2023,"Tiene como objetivo general incrementar la contribución de la CTI al desarrollo social, económico, ambiental y sostenible del país. ",falta web,,"0601,0605",,,,,,,,,,,,,,,,,,,,x,,,,x,,,,,,,,,,,,,,,,,,,,,,0601,,,,0605,
 CO,Marco Normativo de la iniciativa de Datos Abiertos en Colombia,"El Marco Normativo de la iniciativa de Datos Abiertos en Colombia está respaldado principalmente por la Ley 1712 de 2014, Ley 1581 de 2012 y el nuevo enfoque de la Política de Gobierno Digital (Decreto 1008 de 2018).","https://www.senado.gov.co/index.php/documentos/categoria-transparencia/politicas-y-planes-historico/politicas-y-planes/politicas-institucionales/4315-rt-pi03-politica-datos-abiertos/file#:~:text=El%20Marco%20Normativo%20de%20la,el%20ciudadano%20y%20el%20Estado.",soporteccc@mintic.gov.co,"0305,0501,0601,0603",,,,,,,,,,,,,,x,,,,x,,x,,x,,,,,,,,,,,,,,,,,,0305,,,,0501,,0601,,0603,,,
 CO,LA Referencia ,"País socio del Proyecto LA Referencia, ha generado iniciativas nacionales en el tema de Repositorios y Acceso Abierto. Es signatario de los principales acuerdos de LA Referencia.",https://www.lareferencia.info/es/nodos/colombia,redcol@minciencias.gov.co  y atencionalciudadano@minciencias.gov.co,"0101,0304,0601,0603,0605",x,,,,,,,,,,,,x,,,,,,,x,,x,,x,,,0101,,,,,,,,,,,,0304,,,,,,,0601,,0603,,0605,
CR,Evaluación de Revistas Científicas,"Es una herramienta para la medición de la calidad de las revistas Costarricenses por medio de indicadores organizados en categorías. Su propósito es Medir la calidad de las revistas en aspectos de rigurosidad, sistematicidad, originalidad y posibilidad de comprobación del contenido de los artículos, considerando para ello la gestión editorial, la visibilidad y el contenido.",https://conocimientoabierto.conare.ac.cr/index.php/evaluacion-de-revistas/ ,conocimientoabierto@conare.ac.cr,"0101,0401,0606",x,,,,,,,,,,,,,,x,,,,,,,,,,x,,0101,,,,,,,,,,,,,,0401,,,,,,,,,,0606
CR,RDA Costa Rica Node,"El propósito del Grupo Costa Rica es el de ser un puente entre la comunidad de RDA y aquellas personas que forman parte de universidades, instituciones, grupos de trabajo o de algún proyecto que busquen generar, vincular, compartir y reutilizar datos de investigación desde la práctica de datos abiertos,en Costa Rica y en la región. Además, por su contexto geográfico y político, Costa Rica puede servir de puente entre países del Caribe, Norte, Sur y Centroamérica, para mejorar la comunicación, facilitar el intercambio de recursos y capacidades técnicas.",https://www.rd-alliance.org/groups/rda-costa-rica,conocimientoabierto@conare.ac.cr,"0102,0304,0403,0601,0602,0603,0605",,x,,,,,,,,,,,x,,,,x,,,x,x,x,,x,,,,0102,,,,,,,,,,,0304,,,,0403,,,0601,0602,0603,,0605,
CR,Evaluación de Repositorios,Es un instrumento para autoevaluar los repositorios que integran Kímuk.,https://conocimientoabierto.conare.ac.cr/index.php/evaluacion-de-repositorios/,conocimientoabierto@conare.ac.cr,"0101,0102,0103,0304,0601,0602,0605",x,x,x,,,,,,,,,,x,,,,,,,x,x,,,x,,,0101,0102,0103,,,,,,,,,,0304,,,,,,,0601,0602,,,0605,
CR,Procesos de capacitación en Ciencia Abierta,"En temas como: gestión editorial, ciencia abierta, gestión de datos de investigación, revisión por pares abierta, escritura científica, uso de licencias de acceso abierto, sistemas CRIS, entre otros.
",https://conocimientoabierto.conare.ac.cr/index.php/evaluacion-de-revistas/ ,conocimientoabierto@conare.ac.cr,"0101,0102,0103,0104,0105,0201,0202,0203,0204,0301,0302,0303,0304,0305,0401,0402,0403,0603",x,x,x,x,x,x,x,x,x,x,x,x,x,x,x,x,x,,,,,x,,,,,0101,0102,0103,0104,0105,0201,0202,0203,0204,0301,0302,0303,0304,0305,0401,0402,0403,,,,,0603,,,
CR,Estado de la gestión de datos de investigación,"Es un estado que permite analizar las prácticas y percepciones de las personas investigadoras, sobre gestión de datos de investigación en cada universidad perteneciente a CONARE.",https://conocimientoabierto.conare.ac.cr/,conocimientoabierto@conare.ac.cr,"0102,0304,0605",,x,,,,,,,,,,,x,,,,,,,,,,,x,,,,0102,,,,,,,,,,,0304,,,,,,,,,,,0605,
CR,LATINDEX Costa Rica,"El Directorio Latindex es una lista de la totalidad de las revistas de cada uno de los países miembros del sistema. Todas las revistas tienen derecho a ser incluidas; el único requisito es que la revista tenga ISSN. El Catálogo Latindex contiene las revistas que han cumplido con los requisitos de calificación, y por ende se consideran revistas con procesos reconocidos de gestión editorial y de contenidos.",https://ucrindex.ucr.ac.cr/sistema-de-evaluacion-de-revistas/evaluacion-latindex-para-revistas-en-costa-rica/,revistas@ucr.ac.cr,"0101,0601,0602,0605",x,,,,,,,,,,,,,,,,,,,x,x,,,x,,,0101,,,,,,,,,,,,,,,,,,,0601,0602,,,0605,
CR,SciELO Costa Rica,"Es un índice enfocado en orientar y fortalecer el desarrollo de la calidad científica de la Colección SciELO, y contribuir al aumento sostenible de su visibilidad e impacto como un todo e individualmente de las revistas que indexa y publica, de acuerdo con los estándares internacionales de indexación, publicación, interoperabilidad y evaluación del rendimiento de las revistas de calidad.",https://www.scielo.sa.cr/scielo.php,mmorales@.binasss.sa.cr,"0101,0104,0602",x,,,x,,,,,,,,,,,,,,,,,x,,,,,,0101,,,0104,,,,,,,,,,,,,,,,,0602,,,,
CR,"Kímuk, Repositorio Nacional de Costa Rica","El repositorio Nacional Kímuk es una herramienta de acceso abierto impulsada por el Consejo Nacional de Rectores (CONARE) cuyo objetivo es ofrecer acceso en línea a la producción académica y científica nacional como un insumo crucial para el desarrollo científico y tecnológico del país y por ello su visibilidad y acceso debe ser prioritaria. A su acervo se pueden sumar otros repositorios institucionales que cumplan las normas establecidas y por ello invitamos a otras organizaciones a unirse a esta misión. El vocablo Kímuk significa cooperación en lengua Bribri, uno de los grupos indígenas de Costa Rica. El nombre resume una forma de entender la vida y refleja, como otros conceptos de esta cultura, la importancia del trabajo en equipo y la colaboración para lograr metas comunes.",https://kimuk.conare.ac.cr/,kimuk@conare.ac.cr,"0101,0102,0103,0104,0105,0201,0301,0304,0602",x,x,x,x,x,x,,,,x,,,x,,,,,,,,x,,,,,,0101,0102,0103,0104,0105,0201,,,,0301,,,0304,,,,,,,,0602,,,,
CR,"Sistema de Información Nacional de Ciencia y Tecnología
",El CONARE y el SINCYT tienen herramientas para evaluar el rendimiento individual e institucional y recoger datos relevantes del sistema CTI de manera centralizada.,https://www.sincyt.go.cr/,maria.brenes@micit.go.cr ,"0202,0601,0604",,,,,,,x,,,,,,,,,,,,,x,,,x,,,,,,,,,,0202,,,,,,,,,,,,,0601,,,0604,,
CR,Declaración de Ciencia Abierta de las universidades públicas.,"Es un documento donde las 5 universidades públicas de Costa Rica, que son las que generan más del 80% de la investigación de Costa Rica, abrazan en conjunto los pilares que la recomendación de la UNESCO sobre Ciencia Abierta promueve para implementar la Ciencia Abierta en Costa Rica.",https://conocimientoabierto.conare.ac.cr/,conocimientoabierto@conare.ac.cr,"0401,0601,0604",,,,,,,,,,,,,,,x,,,,,x,,,x,,,,,,,,,,,,,,,,,,0401,,,,,0601,,,0604,,
CR,LA Referencia ,,https://www.lareferencia.info/es/nodos/costa-rica,kimuk@conare.ac.cr,,,,,,,,,,,,,,,,,,,,,,,,,,,,,,,,,,,,,,,,,,,,,,,,,,,,
 CL,SciELO Chile,"Representó el primer paso hacia el Acceso Abierto en el país. SciELO Chile se centró en la creación de una plataforma en línea que albergara revistas científicas chilenas de alta calidad, permitiendo a los investigadores y al público en general acceder a investigaciones de manera gratuita",https://www.scielo.cl/,scielo@anid.cl,"0101,0104,0602",X,,,x,,,,,,,,,,,,,,,,,X,,,,,,0101,,,0104,,,,,,,,,,,,,,,,,0602,,,,
 CL,Repositorios y Portal del Investigador,"Chile amplió su alcance y comenzó a trabajar en el desarrollo de repositorios institucionales y un portal del investigador (curriculum). Estos repositorios almacenan y proporcionan acceso abierto a las publicaciones científicas y otras investigaciones realizadas en instituciones académicas chilenas, mejorando la visibilidad de la producción científica nacional.",https://www.conicyt.cl/fondef/repositorio-documentos-fondef/,,"0101,0601,0604",X,,,,,,,,,,,,,,,,,,,X,,,X,,,,0101,,,,,,,,,,,,,,,,,,,0601,,,0604,,
 CL,Dataciencia,"Ofrece métricas de producción científica asociadas a la publicación de datos. Esto incentiva a los investigadores a compartir datos de investigación de manera abierta, lo que contribuye a la transparencia y la replicabilidad en la ciencia.",https://www.dataciencia.com/,contacto@dataciencia.com,"0101,0604,0605",X,,,,,,,,,,,,,,,,,,,,,,X,X,,,0101,,,,,,,,,,,,,,,,,,,,,,0604,0605,
 CL,Acceso a Publicaciones Científicas,"El país se ha esforzado en garantizar un acceso más amplio y gratuito a las publicaciones científicas, no solo a nivel nacional sino también internacional.",https://www.conicyt.cl/informacioncientifica/revistas-cientificas-chilenas/,,"0101,0602,0605",X,,,,,,,,,,,,,,,,,,,,X,,,X,,,0101,,,,,,,,,,,,,,,,,,,,0602,,,0605,
 CL, LA Referencia,"Ha generado iniciativas nacionales para fomentar el uso de repositorios abiertos, junto con impulsar prácticas de acceso abierto y ciencia abierta en el territorio, a través de instrumentos financiados por la ANID y por la implementación de la Política de Acceso Abierto a la Información Científica y a Datos de Investigación. También es signatario de los principales acuerdos de LA Referencia.",https://www.lareferencia.info/es/nodos/chile,https://www.lareferencia.info/es/contacto,"0101,0601,0603,0605",X,,,,,,,,,,,,,,,,,,,X,,X,,X,,,0101,,,,,,,,,,,,,,,,,,,0601,,0603,,0605,
 CL,Acciones de Formación y Capacitación.,"1) Webinar de “Sensibilización y capacitación a autoridades para estandarizar los conceptos de Ciencia Abierta” , Bianca, Brasil. 2) Programa Capacitación de “Ciencia Abierta en las Bibliotecas Académicas”  en conjunto Costa Rica y Ecuador. 3) Webinar “Uso de licencias Creative Commons  en revistas digitales y repositorios de las instituciones educativas” , Remedios Melero, España. 4) Capacitación “Evaluación de Repositorios de Acceso Abierto” , Luis Lescano, Ecuador. 5) Semana del Acceso Abierto:   Webinar “La indización en la gestión de visibilidad de las revistas”,  Jose Octavio Alonso, México.",https://www.educarchile.cl/desarrollo-profesional/webinars,https://www.educarchile.cl/contact,"0103,0602,0605",,,X,,,,,,,,,,,,,,,,,,X,,,X,,,,,0103,,,,,,,,,,,,,,,,,,0602,,,0605,
 CL,Consejo de Rectores de las Universidades Chilenas (CRUCH),"Es un organismo colegiado, cuyo objetivo es coordinar la labor universitaria del país y mejorar el rendimiento y la calidad de la enseñanza universitaria. Las universidades miembros del CRUCH son las que realizan la mayor parte de la investigación chilena.",https://www.consejoderectores.cl/,cruch@consejoderectores.cl,"0103,0601,0603",,,X,,,,,,,,,,,,,,,,,X,,X,,,,,,,0103,,,,,,,,,,,,,,,,,0601,,0603,,,
 CL,Infraestructura Nacional de Acceso a la Investigación (INAI),"Busca establecer una red colaborativa entre la Agencia Nacional de Investigación y Desarrollo (ANID) y todas las universidades públicas y privadas en un esfuerzo conjunto para mejorar el acceso y la gestión de la investigación académica en Chile. A través de esta colaboración, se pretende fortalecer la gobernanza, la calidad de los recursos y la adopción de estándares en el ámbito de la investigación académica en Chile. A través de esta colaboración, se pretende fortalecer la gobernanza, la calidad de los recursos y la adopción de estándares en el ámbito de la investigación.",https://inai.cl/,info@inai.cl,"0104,0603",,,,X,,,,,,,,,,,,,,,,,,X,,,,,,,,0104,,,,,,,,,,,,,,,,,,0603,,,
 CL,Acuerdo de Colaboración ANID-Universidades,"Se ha establecido un acuerdo de colaboración entre ANID y todas las universidades, tanto públicas como privadas, con el objetivo de implementar la Red de Apoyo para la Infraestructura Nacional de Acceso. Esta colaboración es esencial para asegurar la participación activa de todas las instituciones en la mejora de la infraestructura de acceso a la investigación. Con ello se crea la  gobernanza en conjunto con las universidades.",falta web,,"0104,0601,0603",,,,X,,,,,,,,,,,,,,,,X,,X,,,,,,,,0104,,,,,,,,,,,,,,,,0601,,0603,,,
 CL,Comités Técnicos,"Se han establecido comités técnicos especializados en contenidos y tecnologías que trabajan en capacitaciones, encuestas y análisis de calidad de metadatos y repositorios en toda la red. Esto garantiza el mantenimiento y mejora continua de los recursos disponibles.",falta web,,"0105,0602",,,,,X,,,,,,,,,,,,,,,,X,,,,,,,,,,0105,,,,,,,,,,,,,,,,0602,,,,
 CL,Red de Repositorios,"La INAI comprende una red de repositorios académicos que almacenan y proporcionan acceso a la producción de investigación. Actualmente, 11 repositorios cumplen con estándares de calidad, y se busca ayudar a los demás para que también alcancen estos estándares.",falta web,,"0104,0603",,,,X,,,,,,,,,,,,,,,,,,X,,,,,,,,0104,,,,,,,,,,,,,,,,,,0603,,,
 CL,Repositorio de Producción Científica de la ANID,"Es el repositorio más importante en Chile para albergar, preservar y difundir toda la producción científica financiada por la Agencia.  Este repositorio da cobertura tecnológica al mandato de acceso abierto y a la obligación de los beneficiarios de ayudas gestionadas por ANID de depositar una copia de sus resultados de investigación.",https://repositorio.anid.cl/home,https://repositorio.anid.cl/info/feedback,"0104,0601",,,,X,,,,,,,,,,,,,,,,X,,,,,,,,,,0104,,,,,,,,,,,,,,,,0601,,,,,
 CL,InES (Innovación en la Educación Superior),Es un instrumento de financiación otorgado por ANID a 12 universidades en 2021 para fortalecer sus capacidades institucionales en ciencia abierta. Una de las dimensiones más importantes es la implementación de infraestructura tecnológica que cumpla con los estándares internacionales.,https://minciencia.gob.cl/ines/,https://minciencia.gob.cl/contacto/,"0104,0601",,,,X,,,,,,,,,,,,,,,,X,,,,,,,,,,0104,,,,,,,,,,,,,,,,0601,,,,,
 CL,Consorcio ORCID-Chile,"Es un consorcio creado por la ANID junto con 14 universidades en abril de 2022, cuyo objetivo principal es extender el uso de identificadores persistentes en las plataformas digitales de ciencia abierta. Este consorcio brinda la oportunidad de establecer un espacio institucional para el intercambio de experiencias y recursos alineados con los esfuerzos para implementar una infraestructura nacional de acceso a la información científica interoperable y robusta.",https://info.orcid.org/es/al-orcid-chile-consortium-one-year-later/,,"0104,0601,0603",,,,X,,,,,,,,,,,,,,,,X,,X,,,,,,,,0104,,,,,,,,,,,,,,,,0601,,0603,,,
 CL,"El sistema nacional de CTI en Chile está regulado en la Ley 21.105, promulgada en 2018"," Esta deroga la CONICYT y crea el Ministerio de Ciencia, Tecnología, Conocimiento e Innovación y la Agencia Nacional de Investigación y Desarrollo (ANID) para sucederla. ",https://www.bcn.cl/leychile/navegar?idNorma=1121682,https://www.bcn.cl/leychile/consulta/contacto,"0501,0601",,,,,,,,,,,,,,,,,,X,,X,,,,,,,,,,,,,,,,,,,,,,,,0501,,0601,,,,,
 CL,Política nacional de acceso abierto,Mandato exige el depósito en abierto de publicaciones y datos financiados por ANID en repositorios institucionales. Permite también la vía dorada en publicaciones de la red SciELO.,https://acceso-abierto.anid.cl/,https://acceso-abierto.anid.cl/contacto/,"0501,0601",,,,,,,,,,,,,,,,,,X,,X,,,,,,,,,,,,,,,,,,,,,,,,0501,,0601,,,,,
 CL,"El Ministerio de Ciencia, Tecnología, Conocimientos e Innovación (MinCiencia)","Es el organismo de máximo nivel encargado de fomentar el desarrollo de la ciencia, la tecnología, el conocimiento y la innovación a través del diseño, formulación, coordinación, implementación y evaluación de las políticas, planes y programas de CTCI. ",https://www.minciencia.gob.cl/,oficinadepartes@minciencia.gob.cl,"0502,0604",,,,,,,,,,,,,,,,,,,X,,,,X,,,,,,,,,,,,,,,,,,,,,,0502,,,,0604,,
 CL,"La Estrategia Nacional de Ciencia, Tecnología, Conocimiento e Innovación para el Desarrollo",Documento que aborda los desafíos y oportunidades de desarrollo del país y sus regiones. Su razón de ser es generar un marco que oriente las políticas públicas y sus instrumentos de apoyo.,https://docs.consejoctci.cl/documento/estrategia-nacional-de-ciencia-tecnologia-conocimiento-e-innovacion-para-el-desarrollo-de-chile-2022/,consejo@consejoctci.cl,"0501,0601",,,,,,,,,,,,,,,,,,X,,X,,,,,,,,,,,,,,,,,,,,,,,,0501,,0601,,,,,
 CL,"Política Nacional de Ciencia, Tecnología, Conocimiento e Innovación",Documento que establece los objetivos generales de las políticas públicas de CTI para el período presidencial respectivo,https://www.minciencia.gob.cl/politicactci/,https://minciencia.gob.cl/contacto/,"0501,0601",,,,,,,,,,,,,,,,,,X,,X,,,,,,,,,,,,,,,,,,,,,,,,0501,,0601,,,,,
EC,Trabajo conjunto con Senescyt en una hoja de Ruta común en acciones en proyectos enmarcados con La Referencia,Colaboración con Senescyt en el desarrollo de una hoja de ruta que establece acciones y proyectos en línea con los objetivos de La Referencia en el ámbito de la Ciencia Abierta y el Acceso Abierto.,https://www.educacionsuperior.gob.ec/senescyt-y-rectores-del-pais-elaboran-hoja-de-ruta-para-una-distribucion-de-recursos-equitativa/,https://www.trabajo.gob.ec/sistema-contacto-ciudadano-mantenimiento/,"0101,0602,0604",X,,,,,,,,,,,,,,,,,,,,X,,X,,,,0101,,,,,,,,,,,,,,,,,,,,0602,,0604,,
EC,Acercamiento a la Presidenta de RDA US (Rebeca Koskela) gracias al apoyo de Costa Rica (Andrea Mora),"Se logró un acercamiento exitoso a Rebeca Koskela, Presidenta de RDA US, con la ayuda de Andrea Mora de Costa Rica. Este contacto se estableció para fortalecer la colaboración en iniciativas relacionadas con la Ciencia Abierta y el Acceso Abierto, con el objetivo de construir un ecosistema de investigación sólido.",,,"0101,0605",X,,,,,,,,,,,,,,,,,,,,,,,X,,,0101,,,,,,,,,,,,,,,,,,,,,,,0605,
EC,Participación en la escuela de CODATA: São Paulo CODATA-RDA School of Research Data Science,"CEDIA participó activamente en la escuela de CODATA en São Paulo, conocida como la CODATA-RDA School of Research Data Science. Esta participación indica el compromiso de CEDIA con el avance de la Ciencia de Datos y la Investigación.",https://www.ictp-saifr.org/codata-rda22/,secretary@ictp-saifr.org,"0101,0605",X,,,,,,,,,,,,,,,,,,,,,,,X,,,0101,,,,,,,,,,,,,,,,,,,,,,,0605,
EC,Participación en grupos de La Referencia como GT-Evaluación de Investigación y GT-RDA,"CEDIA ha estado involucrado en grupos de trabajo (GT) dentro de La Referencia, específicamente en el Grupo de Trabajo de Evaluación de Investigación (GT-Evaluación de Investigación) y en el Grupo de Trabajo RDA (GT-RDA). Esta participación refleja el interés y la contribución de CEDIA en el desarrollo y mejora de prácticas relacionadas con la investigación y el Acceso Abierto.",,,"0101,0601,0604",X,,,,,,,,,,,,,,,,,,,X,,,X,,,,0101,,,,,,,,,,,,,,,,,,,0601,,,0604,,
EC,Infraestructura tecnológica de Ciencia Abierta y colaboración en proyectos internacionales,"Ecuador está enfocado en desarrollar una infraestructura tecnológica robusta para respaldar la Ciencia Abierta. Además, colabora en proyectos de fondos internacionales para mejorar las plataformas relacionadas con datos e información generados por la comunidad académica y científica en el país.",,,"0601,0604",,,,,,,,,,,,,,,,,,,,X,,,X,,,,,,,,,,,,,,,,,,,,,,,0601,,,0604,,
EC,Red de Repositorio de Acceso Abierto del Ecuador (RRAAE) y Biblioteca Digital Ecuatoriana,"La RRAAE, gestionada por CEDIA, ofrece servicios de recolección y difusión de información digital de acceso abierto de instituciones de educación superior en Ecuador. La Biblioteca Digital Ecuatoriana, a cargo del Consorcio de Bibliotecas Universitarias, actúa como repositorio y ofrece asesoramiento en herramientas bibliográficas y edición académica.",https://rraae.cedia.edu.ec/,info@cedia.org.ec,0602,,,,,,,,,,,,,,,,,,,,,X,,,,,,,,,,,,,,,,,,,,,,,,,,0602,,,,
EC,Financiación colectiva para investigación y Evaluación abierta,"SENESCYT es la institución responsable de financiar actividades de ciencia y tecnología en Ecuador. Ofrece convocatorias públicas para financiar programas de investigación en siete áreas. Además, se lleva a cabo la evaluación del rendimiento científico a través de un sistema de acreditación de investigadores y agentes de innovación.",https://www.educacionsuperior.gob.ec/,,"0304,0603",,,,,,,,,,,,,X,,,,,,,,,X,,,,,,,,,,,,,,,,,0304,,,,,,,,,0603,,,
EC,Políticas de Ciencia Abierta en Ecuador,"Ecuador no cuenta con una política nacional de acceso abierto, pero tiene iniciativas importantes en este campo. El Código Orgánico de la Economía Social de los Conocimientos, Creatividad e Innovación establece principios de acceso libre y democrático al conocimiento. El Plan de Ciencia, Tecnología, Innovación y Saberes Ancestrales (CTiySA) incluye acciones para promover políticas de acceso abierto y fomentar la publicación de investigaciones financiadas con fondos públicos en acceso abierto.",https://www.educacionsuperior.gob.ec/senescyt-inicia-la-construccion-del-plan-nacional-de-ciencia-tecnologia-innovacion-y-saberes-ancestrales-2030/,https://aplicaciones.administracionpublica.gob.ec/,"0304,0601",,,,,,,,,,,,,X,,,,,,,X,,,,,,,,,,,,,,,,,,,0304,,,,,,,0601,,,,,
EC,LA Referencia ,"País socio del proyecto LA Referencia, ha generado varias iniciativas nacionales en el tema de Repositorios Institucionales y Acceso Abierto. Es signatario de los principales acuerdos de LA Referencia",https://www.lareferencia.info/es/nodos/ecuador,https://www.lareferencia.info/es/contacto,"0101,0601,0603,0605",X,,,,,,,,,,,,,,,,,,,X,,X,,X,,,0101,,,,,,,,,,,,,,,,,,,0601,,0603,,0605,
ES,Proyecto DIAMAS (Developing Institutional Open Access Publishing Models to Advance Scholarly Communication),"El proyecto DIAMAS es una iniciativa europea que busca fortalecer la publicación institucional de Acceso Abierto en toda Europa. Con la participación de 23 organizaciones de 12 países diferentes, DIAMAS tiene como objetivo trazar el panorama de las revistas diamante en el Espacio Europeo de Investigación y desarrollar normas, directrices y prácticas comunes para el sector de la publicación en Acceso Abierto. Además, se formularán recomendaciones dirigidas a instituciones de investigación para coordinar el apoyo sostenible a las actividades de publicación diamante en Europa",https://diamasproject.eu/,https://diamasproject.eu/contact/,"0101,0601,0604",X,,,,,,,,,,,,,,,,,,,X,,,X,,,,0101,,,,,,,,,,,,,,,,,,,0601,,,0604,,
ES,Implementación de infraestructura tecnológica para la Ciencia Abierta en FECYT,"FECYT, como parte esencial del proyecto DIAMAS, gestiona el recolector ""Recolecta,"" se encarga de la evaluación de revistas y administra el CVN (Currículum Vitae Normalizado). Estos elementos son fundamentales para el desarrollo de la Ciencia Abierta en España y Europa. FECYT trabaja en la certificación de repositorios mediante un validador que utiliza el software de OpenAIRE y busca implementar un modelo de evaluación cualitativa de repositorios para complementar la certificación basada en metadatos.",https://www.fecyt.es/es/noticia/fecyt-se-adhiere-operas-una-infraestructura-de-investigacion-europea-para-la-implementacion,comunicacion@fecyt.es,"0101,0602",X,,,,,,,,,,,,,,,,,,,,X,,,,,,0101,,,,,,,,,,,,,,,,,,,,0602,,,,
ES,Relación entre Europa y Latinoamérica en Ciencia Abierta,"Se destaca la importancia de construir infraestructuras de datos comparables en Latinoamérica a través de colaboraciones como EOSC (European Open Science Cloud) y grandes infraestructuras de generación, preservación y almacenamiento a largo plazo. También se menciona el interés de España en vincular su política de Ciencia Abierta con América Latina.",https://eosc-portal.eu/,https://eosc-portal.eu/contact-us,"0401,0605",,,,,,,,,,,,,,,X,,,,,,,,,X,,,,,,,,,,,,,,,,,0401,,,,,,,,,0605,
ES,Reformas en las políticas de Acceso Abierto en España,"España reformó la Ley de la Ciencia en septiembre de 2022, con un enfoque en Ciencia Abierta que abarca publicaciones, datos, protocolos, metodologías y software. La nueva ley prohíbe la cesión de derechos de propiedad intelectual a favor de las editoriales y elimina el período de embargo, permitiendo el Acceso Abierto inmediato a través de repositorios.",https://www.boe.es/eli/es/l/2022/09/05/17/con,https://www.boe.es/contactar/,"0501,0603",,,,,,,,,,,,,,,,,,X,,,,X,,,,,,,,,,,,,,,,,,,,,,0501,,,,0603,,,
ES,Cooperación entre Europa y Latinoamérica en Acceso Abierto,"Se destaca la importancia de fortalecer las alianzas y la colaboración entre Europa y América Latina en política de Acceso Abierto. Se menciona un trabajo de análisis de las políticas de Acceso Abierto en LATAM, en el que se incluyen recomendaciones para fortalecer las relaciones institucionales y la cooperación.",,,0605,,,,,,,,,,,,,,,,,,,,,,,,X,,,,,,,,,,,,,,,,,,,,,,,,,,0605,
ES,Eventos y estrategias futuras en Ciencia Abierta,"Se prevé la realización del evento ""Open Science Fair"" en Madrid en septiembre de 2023, en el contexto de la presidencia española del Consejo de la Unión Europea. Además, se está trabajando en la elaboración de una Estrategia Nacional de Ciencia Abierta que incluirá medidas, presupuestos e indicadores de seguimiento, y se espera su publicación durante el período de la presidencia española.",,,"0102,0605",,X,,,,,,,,,,,,,,,,,,,,,,X,,,,0102,,,,,,,,,,,,,,,,,,,,,,0605,
ES,LA Referencia ,"España es país socio de LA Referencia a través de la Fundación Española para la Ciencia y Tecnología, F.S.P. (FECYT). La FECYT impulsa el movimiento de acceso abierto en España colaborando en el correcto diseño e implementación de las políticas de acceso abierto y Ciencia Abierta a nivel nacional y europeo.",https://www.lareferencia.info/es/nodos/espana,recolecta@fecyt.es,"0101,0601,0603,0605",x,,,,,,,,,,,,,,,,,,,X,,X,,X,,,0101,,,,,,,,,,,,,,,,,,,0601,,0603,,0605,
UY,Reglamento de Acceso Abierto de la Agencia Nacional de Investigación e Innovación,"En Uruguay, se están empezando a ver los resultados del reglamento de Acceso Abierto de la Agencia Nacional de Investigación e Innovación (ANII). Aunque Uruguay no tiene una política nacional de acceso abierto, tanto ANII como la Universidad de la República (UdelaR) tienen mandatos específicos relacionados con las publicaciones financiadas con fondos públicos. ANII publicó en 2019 su reglamento de Acceso Abierto, que establece la obligación de los beneficiarios de ayudas de depositar sus publicaciones científicas en acceso abierto en el repositorio de su institución o la institución responsable del proyecto. El repositorio debe formar parte del agregador nacional de repositorios de acceso abierto, SILO.",https://www.anii.org.uy/institucional/documentos-de-interes/30/reglamento-de-acceso-abierto/,anii@anii.org.uy,"0101,0102,0304,0403,0502,0601,0604,0606",Producción Científica,Datos abiertos de investigación,,,,,,,,,,,Virtuales,,,,Investigación abierta y reproducible,,Cuerpo Normativo Institucional,X,,,X,,X,,0101,0102,,,,,,,,,,,0304,,,,0403,,0502,0601,,,0604,,0606
UY,ANII como impulsora de Acceso Abierto en Uruguay,"ANII desempeña un papel clave en la promoción del Acceso Abierto en Uruguay. Actúa como nodo nacional de LA Referencia y apoya a las instituciones para crear sus propios repositorios. ANII también obliga a los beneficiarios de los fondos de investigación a que sus publicaciones estén en algún repositorio del sistema. La agencia ha logrado que las principales instituciones de investigación tengan sus repositorios, en algunos casos a través de infraestructura proporcionada por ANII.",https://www.anii.org.uy/,anii@anii.org.uy,"0101,0102,0602",Producción Científica,Datos abiertos de investigación,,,,,,,,,,,,,,,,,,,X,,,,,,0101,0102,,,,,,,,,,,,,,,,,,,0602,,,,
UY,Repositorio Nacional de Datos de Investigación en Uruguay,"ANII está trabajando en un proyecto de Repositorio Nacional de Datos de Investigación en Uruguay. Aunque no serán obligatorios como las publicaciones, se ofrecerá capacitación a bibliotecarios, data stewards e investigadores, así como incentivos económicos para quienes presenten planes de datos y publiquen los datos. También se planea establecer un repositorio de datos a nivel nacional.",https://www.anii.org.uy/noticias/253/repositorios-digitales-la-apuesta-de-anii-para-impulsar-la-ciencia-abierta/,anii@anii.org.uy,"0101,0102,0202,0304,0402,0603,0606",Producción Científica,Datos abiertos de investigación,,,,,Financiación colectiva,,,,,,Virtuales,,,Innovación abierta,,,,,,X,,,X,,0101,0102,,,,,0202,,,,,,0304,,,0402,,,,,,0603,,,0606
UY,Interoperabilidad y colaboración,"ANII busca niveles básicos de interoperabilidad con otros sistemas, como CVUY, un sistema nacional de currículos normalizados. También están interesados en trabajar en la certificación de repositorios y en la preservación de los mismos. ANII busca integrar más allá de las publicaciones, incluyendo Policy Papers, productos tecnológicos y otros documentos científicos.",https://www.anii.org.uy/noticias/76/cvuy-se-renueva/,anii@anii.org.uy,"0102,0304,0402,0604,0605,0606",,Datos abiertos de investigación,,,,,,,,,,,Virtuales,,,Innovación abierta,,,,,,,X,X,X,,,0102,,,,,,,,,,,0304,,,0402,,,,,,,0604,0605,0606
UY,Rol de Uruguay en Mercosur y Plan Estratégico de Ciencia y Tecnología,"Uruguay ostenta la presidencia pro tempore del Mercosur y está involucrado en la promoción de la Ciencia Abierta en la región. Se está trabajando en un Plan Estratégico de Ciencia y Tecnología que incluirá un apartado de Ciencia Abierta. Durante el 2022, se llevaron a cabo diversas instancias de difusión para impulsar el tema de la Ciencia Abierta en la comunidad científica uruguaya.",https://www.gub.uy/ministerio-educacion-cultura/comunicacion/noticias/estrategia-ciencia-abierta-para-mercosur,comunicacion@presidencia.gub.uy,"0101,0201,0203,0402,0605,0606",Producción Científica,,,,,Ciencia ciudadana,,Producción colectiva,,,,,,,,Innovación abierta,,,,,,,,X,X,,0101,,,,,0201,,0203,,,,,,,,0402,,,,,,,,0605,0606
UY,LA Referencia ,"País socio del Proyecto LA-Referencia, ha generado iniciativas nacionales en el tema de Repositorios y Acceso Abierto.",https://www.lareferencia.info/es/nodos/uruguay,anii@anii.org.uy,"0101,0102,0103,0304,0602,0605",Producción Científica,Datos abiertos de investigación,Recursos Educativos Abiertos,,,,,,,,,,Virtuales,,,,,,,,X,,,X,,,0101,0102,0103,,,,,,,,,,0304,,,,,,,,0602,,,0605,
PE,Participación de Perú en SciELO y Evaluación de Revistas,Perú lidera el Comité SciELO Perú y está proponiendo aumentar el puntaje de calificación para investigadores Renacyt en revistas que forman parte de SciELO. También se menciona la integración de 282 portales de revistas.,http://www.scielo.org.pe/,soporte.cti@concytec.gob.pe,"0101,0304,0401,0601,0604,0606",Producción Científica,,,,,,,,,,,,Virtuales,,Evaluación abierta de la ciencia,,,,,X,,,X,,X,,0101,,,,,,,,,,,,0304,,0401,,,,,0601,,,0604,,0606
PE,Sistema de Currículums CTI Vitae ,"Sistema que almacena hojas de vida autorreferenciadas. A los usuarios inscritos se les permite participar en los fondos concursables del Concytec, a tráves del Fondecyt y, acceder a bases de datos bibliográficas, redes especializadas y revistas científicas a texto completo.",https://ctivitae.concytec.gob.pe/appDirectorioCTI/DirectorioCTI.do?tipo=registrousuario,dina@concytec.gob.pe,"0101,0103,0401,0603,0606",Producción Científica,,Recursos Educativos Abiertos,,,,,,,,,,,,Evaluación abierta de la ciencia,,,,,,,X,,,X,,0101,,0103,,,,,,,,,,,,0401,,,,,,,0603,,,0606
PE,PerúCRIS,"Busca establecer, desarrollar y operar la Red Nacional de Información en Ciencia, Tecnología e Innovación Tecnológica (CTI), a fin de consolidar y gestionar la información científica y académica de todo el Perú, generar estadísticas para apoyar la toma de decisiones a nivel institucional, regional, sectorial y nacional; así como visibilizar globalmente las actividades, capacidades y producción científica de los investigadores peruanos.",https://www.cepal.org/es/notas/perucris-infraestructura-esencial-desarrollo-la-ciencia-abierta,perucris@concytec.gob.pe,"0101,0304,0401,0602,0604,0606",Producción Científica,,,,,,,,,,,,Virtuales,,Evaluación abierta de la ciencia,,,,,,X,,X,,X,,0101,,,,,,,,,,,,0304,,0401,,,,,,0602,,0604,,0606
PE,Actualizaciones y Evaluaciones en Repositorios,"Se han realizado actualizaciones en la directiva del Concytec relacionadas con repositorios institucionales para mejorar la calidad de los contenidos. Además, se trabaja en la evaluación de repositorios institucionales utilizando la plataforma DPyx y criterios que incluyen visibilidad, aspectos legales, metadatos, interoperabilidad, estadísticas, seguridad, autenticidad e integridad de los datos. Sesiones de soporte a repositorios se han generado para fortalecer su contenido.",https://repositorio.concytec.gob.pe/,repositorio@concytec.gob.pe,"0304,0401,0601,0602,0606",,,,,,,,,,,,,Virtuales,,Evaluación abierta de la ciencia,,,,,X,X,,,,X,,,,,,,,,,,,,,0304,,0401,,,,,0601,0602,,,,0606
PE,Red Latinoamericana de Evaluación por Pares (REDLARP),"Perú participó en la Reunión de Ministros de Ciencia y Tecnología en 2022, donde se conformó la Red Latinoamericana de Evaluación por Pares. Esta red permite a los países de la CELAC compartir conocimientos de I+D y experiencias en la evaluación de proyectos de investigación, incluyendo bases de datos de evaluadores y documentos técnicos.",,,"0401,0605,0606",,,,,,,,,,,,,,,Evaluación abierta de la ciencia,,,,,,,,,X,X,,,,,,,,,,,,,,,,0401,,,,,,,,,0605,0606
PE,Código de Integridad Científica,"El cógido de integridad científica establece normas de conducta, infracciones y sanciones para toda persona natural o jurídica que realice investigación científica, desarrollo tecnológico y/o innovación tecnológica en el territorio nacional.",https://portal.concytec.gob.pe/images/publicaciones/Codigo-integridad-cientifica.pdf,comunicacion@concytec.gob.pe,"0501,0601",,,,,,,,,,,,,,,,,,Cuerpos Normativos Nacionales,,X,,,,,,,,,,,,,,,,,,,,,,,,0501,,0601,,,,,
PE,LA Referencia ,"País socio del Proyecto LA-Referencia, ha generado iniciativas nacionales en el tema de Repositorios y Acceso Abierto, entre los que se destacan: el uso de repositorios registrados en OpenDOAR, repositorios en el sector público, repositorios de datos. Es signatario de los principales acuerdos de LA Referencia",https://www.lareferencia.info/es/nodos/peru,alicia@concytec.gob.pe,"0101,0304,0602,0605",Producción Científica,,,,,,,,,,,,Virtuales,,,,,,,,X,,,X,,,0101,,,,,,,,,,,,0304,,,,,,,,0602,,,0605,
PE,Ley Nº 30035 ,"Establece el marco normativo del Repositorio Nacional Digital de Ciencia, Tecnología e Innovación de Acceso Abierto",https://portal.concytec.gob.pe/images/stories/images2013/portal/areas-institucion/dsic/ley-30035.pdf,,"0501,0601",,,,,,,,,,,,,,,,,,Cuerpos Normativos Nacionales,,X,,,,,,,,,,,,,,,,,,,,,,,,0501,,0601,,,,,
MX,Política Nacional de Acceso Abierto,México tiene una política nacional de acceso abierto estructurada a través de un marco legal consistente y una institución fuerte encargada de su implementación: el CONAHCyT.,https://conahcyt.mx/conahcyt/que-es-el-conahcyt/,cca@conacyt.mx,0501,,,,,,,,,,,,,,,,,,Cuerpos Normativos Nacionales,,,,,,,,,,,,,,,,,,,,,,,,,,0501,,,,,,,
MX,Sistema CRMCYT,"El CONAHCyT gestiona el Sistema de Clasificación de Revistas Mexicanas de Ciencia y Tecnología (Sistema CRMCYT), que busca elevar la calidad, visibilidad e impacto de las revistas científicas.",https://conahcyt.mx/servicios-en-linea/crmcyt/,cca@conacyt.mx,0101,Producción Cientifica,,,,,,,,,,,,,,,,,,,,,,,,,,0101,,,,,,,,,,,,,,,,,,,,,,,,
MX,SciELO México,"SciELO México es una hemeroteca virtual conformada por una colección de revistas mexicanas de todas las áreas del conocimiento, desde 2004 es desarrollada por la Dirección General de Bibliotecas y Servicios Digitales de Información (DGBSDI) de la Universidad Nacional Autónoma de México (UNAM). Es gestionado desde 2004 por la Dirección General de Bibliotecas y Servicios Digitales de Información (DGBSDI) de la UNAM.",https://www.scielo.org.mx/scielo.php,scielo@dgb.unam.mx,"0101,0103",Producción Cientifica,,Recursos Educativos Abiertos,,,,,,,,,,,,,,,,,,,,,,,,0101,,0103,,,,,,,,,,,,,,,,,,,,,,
MX,CONRICYT,Consorcio Nacional de Recursos de Información Científica y Tecnológica (CONRICYT) facilita el acceso a la información científica en formatos digitales a las comunidades académicas de las instituciones de educación superior y centros de investigación.,https://www.conricyt.mx/,serviinfo.conricyt@gmail.com,0102,,Datos abiertos de investigación,,,,,,,,,,,,,,,,,,,,,,,,,,0102,,,,,,,,,,,,,,,,,,,,,,,
MX,Red Mexicana de Repositorios Institucionales (REMERI),"Plataforma que integra los repositorios digitales de las Instituciones Mexicanas de Educación Superior para permitir su difusión, localización y visualización de manera interoperable a través de interfaces comunes. Una de las líneas estratégicas de desarrollo de REMERI es la capacitación y asesoría a las instituciones mexicanas miembros de la Red; a través de conferencias, cursos, talleres y presentaciones, en modalidad presencial o virtual.",http://www.remeri.org.mx/app/index.html,alinavn at uaslp.mx,0304,,,,,,,,,,,,,Virtuales,,,,,,,,,,,,,,,,,,,,,,,,,,0304,,,,,,,,,,,,
MX,Directorio Nacional de Repositorios Digitales de Acceso Abierto de México (DiNaRe),"El objetivo es establecer un registro estándar de los repositorios de Acceso Abierto en México, basado en el modelo de OpenDOAR, que ofrecerá servicios y herramientas para administradores de repositorios. Este registro se mantendrá actualizado y facilitará la inclusión de nuevos repositorios, ampliando así la visibilidad de las instituciones responsables y promoviendo proyectos colaborativos en el ámbito digital.",http://sedici.unlp.edu.ar/handle/10915/136676,,"0102,0304",,Datos abiertos de investigación,,,,,,,,,,,Virtuales,,,,,,,,,,,,,,,0102,,,,,,,,,,,0304,,,,,,,,,,,,
MX,"Programa Especial de Ciencia, Tecnología e Innovación (PECITI).","La política de ciencia, tecnología e innovación se articula a través del Programa Especial de Ciencia, Tecnología e Innovación (PECITI).",https://conahcyt.mx/conahcyt/peciti/,cca@conacyt.mx,0501,,,,,,,,,,,,,,,,,,Cuerpos Normativos Nacionales,,,,,,,,,,,,,,,,,,,,,,,,,,0501,,,,,,,
MX,Obligaciones Legales,"El Artículo 3 de la última reforma de la Constitución de los Estados Unidos Mexicanos establece que el Estado apoyará la investigación e innovación científica, humanística y tecnológica, y garantizará el acceso abierto a la información que derive de ella.",http://www.ordenjuridico.gob.mx/Constitucion/articulos/3.pdf,,0501,,,,,,,,,,,,,,,,,,Cuerpos Normativos Nacionales,,,,,,,,,,,,,,,,,,,,,,,,,,0501,,,,,,,
MX,Políticas Institucionales de la Universidad Autónoma de México (UNAM),"La UNAM tiene su propia política institucional de acceso abierto. En la misma promueve el acceso abierto y consulta libre y gratuita del contenido digital a través de Internet, producto de las actividades académicas, científicas, de investigación y culturales que se desarrollan en la UNAM y que son publicados por las entidades académicas y dependencias universitarias.","https://www.visibilidadweb.unam.mx/buenas-practicas/acceso-abierto#:~:text=El%20acceso%20abierto%20es%20un,p%C3%BAblico%20en%20l%C3%ADnea%2C%20sin%20restricciones.",bcentral@dgb.unam.mx,"0103,0502",,,Recursos Educativos Abiertos,,,,,,,,,,,,,,,,Cuerpo Normativo Institucional,,,,,,,,,,0103,,,,,,,,,,,,,,,,0502,,,,,,
MX,Políticas Institucionales de la Universidad Autónoma del Estado de Mexico (UAMEX),"La UAMEX tiene su propia política institucional de acceso abierto. Esta tiene por objeto regular el acceso abierto a todo tipo de investigación, materiales educativos, académicos, científicos, tecnológicos, de innovación y culturales, financiados total o parcialmente con recursos públicos o que hayan utilizado infraestructura pública en su realización, en la Universidad Autónoma del Estado de México.",https://hemeroteca.uaemex.mx/plugins/themes/bootstrap3/Acceso_Abierto.pdf,rectoria@uaemex.mx,"0103,0502",,,Recursos Educativos Abiertos,,,,,,,,,,,,,,,,Cuerpo Normativo Institucional,,,,,,,,,,0103,,,,,,,,,,,,,,,,0502,,,,,,
MX,LA Referencia ,"País socio del Proyecto LA Referencia, ha generado iniciativas nacionales en el tema de Repositorios y Acceso Abierto. Es signatario de los principales acuerdos de LA Referencia",https://www.lareferencia.info/es/nodos/mexico,alinavn@uaslp.mx,"0101,0102,0304",Producción científica,Datos abiertos de investigación,,,,,,,,,,,Virtuales,,,,,,,,,,,,,,0101,0102,,,,,,,,,,,0304,,,,,,,,,,,,
PA,Políticas de Acceso Abierto en Universidades,"Tres universidades panameñas implementan políticas de Acceso Abierto, basadas en lineamientos que estableció la Universidad Tecnológica de Panamá.",,,"0502,0604",,,,,,,,,,,,,,,,,,,Cuerpos Normativos Institucionales ,,,,X,,,,,,,,,,,,,,,,,,,,,,0502,,,,0604,,
PA,Nodo Nacional y Repositorios,"El nodo nacional se constituyó en 2019 con ayuda de LA Referencia, pasando de no tener repositorios a 10 repositorios. La Universidad Tecnológica desarrolló un sistema para implementar el DSPACE 6.3. El desafío es tratar el tema de la actualización de las versiones de DSPACE y directrices de metadatos.",,,"0102,0304,0402,0602,0603",,Datos abiertos de investigación,,,,,,,,,,,Virtuales,,,Innovación abierta,,,,,x,x,,,,,,0102,,,,,,,,,,,0304,,,0402,,,,,0602,0603,,,
PA,Repositorio Nacional de Datos,"Se ha empezado a implementar un repositorio nacional de datos con Dataverse, trabajando en un piloto para poder escalar en el futuro. Se busca documentar las experiencias de los países con Dataverse.",https://www.senacyt.gob.pa/wp-content/uploads/2021/06/VHarris-Costa-Rica.pdf,info@senacyt.gob.pa,"0102,0103,0304,0402,0403,0602",,Datos abiertos de investigación,Recursos Educativos Abiertos,,,,,,,,,,Virtuales,,,Innovación abierta,Investigación abierta y reproducible,,,,x,,,,,,,0102,0103,,,,,,,,,,0304,,,0402,0403,,,,0602,,,,
PA,Cooperación con la Universidad de Panamá,Con la Universidad de Panamá (UP) se hizo un trabajo fuerte para incluirlas dentro de la cosecha del nodo nacional. Falta trabajar en la implementación de las directrices.,,,"0103,0304,0603",,,Recursos Educativos Abiertos,,,,,,,,,,Virtuales,,,,,,,,,x,,,,,,,0103,,,,,,,,,,0304,,,,,,,,,0603,,,
PA,CRIS CONECTO,"Se lanzó un CRIS con enfoque nacional, denominado CONECTO, coadministrado por organizaciones miembros del CRIS.",http://conecto.senacyt.gob.pa/conecto/about,conecto@indicasat.org.pa,"0105,0304,0602",,,,,Equipos informáticos de código abierto,,,,,,,,Virtuales,,,,,,,,x,,,,,,,,,,0105,,,,,,,,0304,,,,,,,,0602,,,,
PA,Acceso a Bibliografía Científica (ABC),La plataforma Acceso a Bibliografía Científica (ABC) participa activamente en iniciativas de ciencia abierta.,https://abc.senacyt.gob.pa,abc@senacyt.gob.pa,"0304,0604",,,,,,,,,,,,,Virtuales,,,,,,,,,,x,,,,,,,,,,,,,,,,0304,,,,,,,,,,0604,,
PA,Sistema Nacional de Gestión del Conocimiento,"SENACyT está desarrollando una iniciativa para consolidar el Sistema Nacional de Gestión del Conocimiento Científica, Tecnológico e Innovador de Panamá mediante un ecosistema de plataformas digitales.",https://www.senacyt.gob.pa,info@senacyt.gob.pa,"0102,0104,0304,0402,0403,0602",,Datos abiertos de investigación ,,Programas informáticos de código abierto y código fuente abierto,,,,,,,,,Virtuales,,,Innovación abierta,Investigación abierta y reproducible,,,,x,,,,,,,0102,,0104,,,,,,,,,0304,,,0402,0403,,,,0602,,,,
PA,Repositorios Institucionales de Acceso Abierto,En Panamá existen 8 repositorios institucionales de acceso abierto de entidades de CTI (universidades e instituciones de investigación).,,,"0102,0103,0304,0401,0403,0602",,Datos abiertos de investigación ,Recursos Educativos Abiertos,,,,,,,,,,Virtuales,,Evaluación abierta de la ciencia,,Investigación abierta y reproducible,,,,x,,,,,,,0102,0103,,,,,,,,,,0304,,0401,,0403,,,,0602,,,,
PA,PRICILA,"El Portal de Repositorios Institucionales de Ciencia, Tecnología e Innovación de Literatura Abierta (PRICILA) es el agregador nacional de repositorios de acceso abierto en Panamá, gestionado por la SENACyT.",http://pricila.senacyt.gob.pa/vufind/,abc@senacyt.gob.pa,"0102,0304,0401,0602",,Datos abiertos de investigación ,,,,,,,,,,,Virtuales,,Evaluación abierta de la ciencia,,,,,,x,,,,,,,0102,,,,,,,,,,,0304,,0401,,,,,,0602,,,,
PA,Repositorio Nacional de Datos de Investigación,"En 2022, Panamá ha desarrolló un repositorio nacional de datos de investigación.",,,"0102,0201,0304,0402,0403,0602",,Datos abiertos de investigación ,,,,Ciencia ciudadana,,,,,,,Virtuales,,,Innovación abierta,Investigación abierta y reproducible,,,,x,,,,,,,0102,,,,0201,,,,,,,0304,,,0402,0403,,,,0602,,,,
PA,Sistema Nacional de Investigación (SNI),"El Sistema Nacional de Investigación (SNI) evalúa y reconoce el mérito y la dedicación a las labores de investigación y desarrollo tecnológico en Panamá, ofreciendo incentivos económicos y distinciones a la calidad y producción de la investigación.",https://sni.senacyt.gob.pa,info@senacyt.gob.pa,"0101,0401,0402,0604",Producción científica,,,,,,,,,,,,,,Evaluación abierta de la ciencia,Innovación abierta,,,,,,,x,,,,0101,,,,,,,,,,,,,,0401,0402,,,,,,,0604,,
PA,LA Referencia,"País socio del proyecto LA Referencia, ha generado iniciativas y proyectos nacionales en temas de Acceso Abierto, entre los que se pueden resumir: la creación del Repositorio Nacional de Publicaciones (PRICILA), implementación de un sistema nacional CRIS, repositorio nacional de datos de investigación, entre otros.",https://www.lareferencia.info/es/nodos/panama,abc@senacyt.gob.pa,"0101,0102,0304,0601,0605",Producción científica,Datos abiertos de investigación,,,,,,,,,,,Virtuales,,,,,,,x,,,,x,,,0101,0102,,,,,,,,,,,0304,,,,,,,0601,,,,0605,
PA,"Plan Estratégico Nacional de Ciencia, Tecnología e Innovación (PENCYT)","El Plan Estratégico Nacional de Ciencia, Tecnología e Innovación (PENCYT) tiene como función principal definir las acciones estratégicas que deben llevarse a cabo en el ámbito de la investigación, la tecnología y la innovación en Panamá. El PENCYT se alinea con las prioridades del gobierno y busca contribuir a la transformación del país hacia un Estado moderno y competitivo. El plan se ejecuta a lo largo de un período quinquenal y se adapta a las demandas cambiantes y a la disponibilidad de recursos financieros.",https://www.senacyt.gob.pa/pencyt-2019-2024/,info@senacyt.gob.pa,"0201,0202,0203,0402,0602,0605",,,,,,Ciencia ciudadana,Financiación colectiva,Producción colectiva,,,,,,,,Innovación abierta,,,,,x,,,x,,,,,,,,0201,0202,0203,,,,,,,,0402,,,,,0602,,,0605,
SV,Políticas de Acceso Abierto en Universidades,"El Salvador no tiene una política nacional de acceso abierto, pero cuenta con políticas institucionales dentro del sector universitario.",,,"0502,0604",,,,,,,,,,,,,,,,,,,Cuerpos Normativos Institucionales ,,,,X,,,,,,,,,,,,,,,,,,,,,,0502,,,,0604,,
SV,El Consorcio de Bibliotecas Universitarias (CBUES),El Consorcio de Bibliotecas Universitarias de El Salvador (CBUES) se creó en 2011 para gestionar la compra consorciada de recursos digitales y avanzar hacia una prestación de servicios bibliotecarios colaborativa en el entorno digital. CBUES tiene una política de acceso abierto en la que recomienda a las instituciones miembros que elaboren sus propios mandatos para el depósito de documentos en repositorios de acceso abierto.,https://cbues.org.sv,oficina.tecnica@cbues.org.sv,"0102,0202,0304,0402,0602,0604,0606",,Datos abiertos de investigación,,,,,Financiación colectiva,,,,,,Virtuales,,,Innovación Abierta,,,,,X,,X,,X,,,0102,,,,,0202,,,,,,0304,,,0402,,,,,0602,,0604,,0606
SV,Impulso a Repositorios de Acceso Abierto,"El Salvador ha impulsado los repositorios de acceso abierto a través del Consorcio de Bibliotecas Universitarias de El Salvador (CBUES), responsable del Repositorio Digital de Ciencia y Cultura de El Salvador (REDICCES), y del agregador nacional de repositorios de acceso abierto, ACCES.",http://www.redicces.org.sv/jspui/handle/10972/1762     y       http://www.acces.org.sv/vufind/Content/about,,"0102,0304,0403,0602,0606",,Datos abiertos de investigación,,,,,,,,,,,Virtuales,,,,Investigación abierta y reproducible,,,,X,,,,X,,,0102,,,,,,,,,,,0304,,,,0403,,,,0602,,,,0606
SV,ONICYT,"ONICYT se encarga de diseñar indicadores sobre ciencia y tecnología, recoger y analizar información necesaria para tomar decisiones públicas, y llevar a cabo estudios de prospectiva.",,,"0401,0402,0605,0606",,,,,,,,,,,,,,,Evaluación abierta de la ciencia,Innovación abierta,,,,,,,,X,X,,,,,,,,,,,,,,,,0401,0402,,,,,,,,0605,0606
SV,Repositorios Universitarios,Hay un total de 7 universidades que cuentan con un repositorio institucional de acceso abierto.,https://ri.ues.edu.sv,,"0101,0102,0103,0304,0403,0602,0606",Producción científica,Datos abiertos de investigación ,Recursos Educativos Abiertos,,,,,,,,,,Virtuales,,,,Investigación abierta y reproducible,,,,X,,,,X,,0101,0102,0103,,,,,,,,,,0304,,,,0403,,,,0602,,,,0606
SV,Mesa Nacional de Investigación de Educación Superior (MNIES),"MINED creó la Mesa Nacional de Investigación de Educación Superior (MNIES), cuya función es la coordinación de la producción y diseminación de los resultados del conocimiento científico procedentes de la educación superior.",https://www.mined.gob.sv/2021/12/13/mined-lanza-mesa-nacional-de-investigacion-en-educacion-superior/,educacion@mined.gob.sv,"0101,0103,0201,0401,0604,0606",Producción científica,,Recursos Educativos Abiertos,,,Ciencia ciudadana,,,,,,,,,Evaluación abierta de la ciencia,,,,,,,,X,,X,,0101,,0103,,,0201,,,,,,,,,0401,,,,,,,,0604,,0606
SV,CONACyT,"El nuevo CONACyT es la entidad que realiza el seguimiento, evaluación y ejecución de la Política Nacional de Innovación, Ciencia y Tecnología y del Plan Nacional de Ciencia y Tecnología.",https://conacyt.gob.sv,oir@conacyt.gob.sv,"0101,0401,0402,0601",Producción científica,,,,,,,,,,,,,,Evaluación abierta de la ciencia,Innovación abierta,,,,X,,,,,,,0101,,,,,,,,,,,,,,0401,0402,,,,0601,,,,,
SV,"Política Nacional de Innovación, Ciencia y Tecnología","La Política Nacional de Innovación, Ciencia y Tecnología tiene como objetivo fomentar y coordinar la investigación científica y tecnológica para contribuir al desarrollo sostenible y al bienestar social.",https://unctad.org/system/files/non-official-document/Politica%20ICT%20version%20digital.pdf,,"0101,0201,0401,0402,0604,0606",Producción científica,,,,,Ciencia ciudadana,,,,,,,,,Evaluación abierta de la ciencia,Innovación abierta,,,,,,,X,,X,,0101,,,,,0201,,,,,,,,,0401,0402,,,,,,,0604,,0606
SV,Agenda Digital Nacional,La Agenda Digital Nacional 2020-2030 está compuesta por un conjunto de acciones que buscan integrar a todos los actores que participan en el desarrollo del país a través de la innovación y la aplicación de las TIC.,https://www.innovacion.gob.sv,,"0201,0304,0402,0603,0606",,,,,,Ciencia ciudadana,,,,,,,Virtuales,,,Innovación abierta,,,,,,X,,,X,,,,,,,0201,,,,,,,0304,,,0402,,,,,,0603,,,0606
SV,Estrategia de I+D+i,"Existe una Estrategia de Investigación, Desarrollo e Innovación (I+D+i) en la que se espera que se incluya alguna mención específica al acceso abierto a contenidos científicos.",https://www.innovacion.gob.sv/innovacion.php,,"0101,0102,0604",Producción científica,Datos abiertos de investigación,,,,,,,,,,,,,,,,,,,,,X,,,,0101,0102,,,,,,,,,,,,,,,,,,,,,0604,,
SV,Política Nacional de Popularización de la Ciencia y Tecnología,Se ha desarrollado una Política Nacional de Popularización de la Ciencia y Tecnología con el objetivo de divulgar la ciencia en todos los niveles de la sociedad.,https://www.transparencia.gob.sv/institutions/capres/documents/372512/download,,"0102,0103,0201,0301,0302,0303,0304,0403,0501,0604",,Datos abiertos de investigación,Recursos Educativos Abiertos,,,Ciencia ciudadana,,,,Pueblos indígenas,Investigadores marginados,Comunidades locales ,Virtuales,,,,Investigación abierta y reproducible,Cuerpos Normativos Nacionales ,,,,,X,,,,,0102,0103,,,0201,,,,0301,0302,0303,0304,,,,0403,0501,,,,,0604,,
SV,LA Referencia,"Este país ha generado recientemente iniciativas dirigidas al desarrollo de repositorios digitales, constituyendo un gran avance la creación del Consorcio de Bibliotecas Universitarias de El Salvador - CBUES -, el cual reúne a las bibliotecas de nueve universidades salvadoreñas y a la Biblioteca Nacional con el fin de estimular el tema de Acceso Abierto en forma colectiva.

",https://www.lareferencia.info/es/nodos/el-salvador,cbues.org.sv,"0102,0103,0201,0304,0403,0602,0604,0606",,Datos abiertos de investigación,Recursos Educativos Abiertos,,,Ciencia ciudadana,,,,,,,Virtuales,,,,Investigación abierta y reproducible,,,,X,,X,,X,,,0102,0103,,,0201,,,,,,,0304,,,,0403,,,,0602,,0604,,0606
,,,,,,,,,,,,,,,,,,,,,,,,,,,,,,,,,,,,,,,,,,,,,,,,,,,,,,,,
,,,,,,,,,,,,,,,,,,,,,,,,,,,,,,,,,,,,,,,,,,,,,,,,,,,,,,,,
,Crear un entorno normativo propicio para la ciencia abierta;,,A,,,,,,,,,,,,,,,,,,,,,,,,,,,,,,,,,,,,,,,,,,,,,,,,,,,,,
,Invertir en infraestructuras y servicios de ciencia abierta;,,B,,,,,,,,,,,,,,,,,,,,,,,,,,,,,,,,,,,,,,,,,,,,,,,,,,,,,
,"Invertir en recursos humanos, formación, educación, alfabetización digital y desarrollo de capacidades para la ciencia abierta;",,C,,,,,,,,,,,,,,,,,,,,,,,,,,,,,,,,,,,,,,,,,,,,,,,,,,,,,
,Fomentar una cultura de la ciencia abierta y armonizar los incentivos en favor de la ciencia abierta;,,D,,,,,,,,,,,,,,,,,,,,,,,,,,,,,,,,,,,,,,,,,,,,,,,,,,,,,
,"promover la cooperación internacional y multipartita en el contexto de la ciencia abierta y con miras a reducir las brechas digital, tecnológica y de conocimientos.",,E,,,,,,,,,,,,,,,,,,,,,,,,,,,,,,,,,,,,,,,,,,,,,,,,,,,,,
,Otros,,F,,,,,,,,,,,,,,,,,,,,,,,,,,,,,,,,,,,,,,,,,,,,,,,,,,,,,